Картридж ATLAS Filtri FA SX,187 руб
Картридж ATLAS Filtri CCP Sanic SX,187 руб
Картридж ATLAS Filtri CPP SX,187 руб
Картридж ATLAS Filtri FA Sanic SX,280 руб
Картридж ATLAS Filtri RL SX,467 руб
Картридж ATLAS Filtri TS SX,467 руб
Картридж ATLAS Filtri LA SX,467 руб
Картридж ATLAS Filtri CA SX,560 руб
Дозировочные системы для стиральных машин ATLAS filtri Dosal,653 руб
Картридж ATLAS Filtri QA-CF SX,653 руб
Картридж ATLAS Filtri HA SX,933 руб
Фильтр для очистки водопроводной воды ATLAS filtri Plus 3P Pet Medium 1-2,1 213 руб
Фильтр для очистки водопроводной воды ATLAS filtri Plus 3P Pet Medium 3-4,1 213 руб
Фильтр для очистки водопроводной воды ATLAS filtri Plus 3P Pet Medium 1,1 306 руб
Фильтр для очистки водопроводной воды ATLAS filtri Plus 3P Duplex SX Senior 1-2,1 306 руб
Магнитные системы антинакипи ATLAS filtri Mag,1 679 руб
Картридж ATLAS Filtri QA-LM SX,1 679 руб
"Фильтр для очистки водопроводной воды ATLAS filtri DP BIG 10 - 1 IN AB, синий ",1 866 руб
"Фильтр для очистки водопроводной воды ATLAS filtri DP BIG 10 - 1"" 1-2 IN AB, синий",1 866 руб
Фильтр для очистки водопроводной воды ATLAS filtri Plus 3P Pet Duplex Medium 3-4,2 053 руб
"Фильтр для очистки водопроводной воды ATLAS filtri DP BIG 10 - 1"" 1-2 IN AS, прозр.",2 146 руб
"Фильтр для очистки водопроводной воды ATLAS filtri DP BIG 10 - 1"" IN AS, прозр.",2 239 руб
Картридж ATLAS Filtri AB SX,2 333 руб
"Фильтр для очистки водопроводной воды ATLAS filtri DP BIG S10 - 1"" IN AB, синий ",2 612 руб
Картридж ATLAS Filtri CA-SE SX,2 892 руб
"Фильтр для очистки водопроводной воды ATLAS filtri Plus 3P HOT SX Senior HOT 1/2""",3 359 руб
Картридж ATLAS Filtri RA SX,3 359 руб
Дозировочные системы ATLAS filtri Dosaplus,4 012 руб
"Фильтр для очистки водопроводной воды ATLAS filtri DP BIG 20 - 1"" IN AS, прозр.",4 385 руб
"Фильтр для очистки водопроводной воды ATLAS filtri DP BIG 20 - 1"" 122 IN AS, прозр.",4 385 руб
"Фильтр для очистки водопроводной воды ATLAS filtri DP BIG S10 - 1"" 1-2 IN AB, синий",4 572 руб
Фильтр обратной промывки SYR RATIO Start FR 1-2,4 665 руб
Фильтр для очистки водопроводной воды ATLAS filtri Hydra,4 945 руб
"Фильтр для очистки водопроводной воды ATLAS filtri DP BIG 20 - 1 IN AB, синий ",5 225 руб
"Фильтр для очистки водопроводной воды ATLAS filtri DP BIG 20 - 1"" 1-2 IN AB, синий ",5 225 руб
"Фильтр для очистки водопроводной воды ATLAS filtri DP BIG S20 - 1"" 1-2 IN AB, синий",5 785 руб
"Фильтр для очистки водопроводной воды ATLAS filtri Фильтр с выпускн. клап. DP BIG S 10 - 1"" 1/2 IN AS, прозр. 	",5 785 руб
"Фильтр для очистки водопроводной воды ATLAS filtri Фильтр с выпускн. клап. DP BIG S 20 - 1"" IN AS, прозр",5 785 руб
"Фильтр для очистки водопроводной воды ATLAS filtri Фильтр с выпускн. клап. DP BIG S 20 - 1"" 1/2 IN AS, прозр",5 785 руб
"Фильтр для очистки водопроводной воды ATLAS filtri Фильтр с выпускн. клап. DP BIG S 10 - 1"" IN AS, прозр.",5 878 руб
Фильтр для очистки водопроводной воды ATLAS filtri Bravo DP DUO FA - LA,6 158 руб
Фильтр обратной промывки SYR RATIO FR 1-2,6 251 руб
"Фильтр для очистки водопроводной воды ATLAS filtri DP BIG S20 - 1"" IN AB, синий",6 251 руб
Фильтр обратной промывки SYR RATIO Start FR 3-4,6 345 руб
Фильтр обратной промывки SYR RATIO Start FR HOT 1-2,6 345 руб
Фильтр обратной промывки SYR RATIO FR 3-4,6 718 руб
Фильтр обратной промывки SYR RATIO Start FR HOT 3-4,7 091 руб
Фильтр обратной промывки SYR RATIO FR HOT 1-2,7 278 руб
Фильтр обратной промывки SYR RATIO FR 1,7 371 руб
Фильтр обратной промывки SYR RATIO FR HOT 3-4,7 651 руб
Фильтр обратной промывки SYR RATIO FR HOT 1,8 304 руб
Фильтр для очистки водопроводной воды ATLAS filtri Bravo DP TRIO FA-CB-AB,8 864 руб
Магнитные системы антинакипи ATLAS filtri Mag Block,14 089 руб
Фильтр для подготовки питьевой воды SYR POU,17 074 руб
Фильтр для подготовки питьевой воды SYR POU с краном,22 579 руб
Установка для умягчения воды SYR LEX 1500 lex 10,148 351 руб
Установка для умягчения воды SYR LEX 1500 lex 20,169 624 руб
Установка для умягчения воды SYR LEX 1500 lex 30,175 036 руб
Установка для умягчения и обезжелезивания воды SYR FEX 1600 Fex 50,194 536 руб
Установка для умягчения и обезжелезивания воды SYR FEX 1600 Fex 70,220 847 руб
Блок питания Аквасторож,890 руб
Датчик Аквасторож Классика,990 руб
Дополнительный батарейный блок Аквасторож,990 руб
Датчик Аквасторож Эксперт,1 490 руб
Кнопка проводная Аквасторож,1 490 руб
Датчик беспроводной Аквасторож,2 990 руб
Кран Аквасторож Классика 15,3 490 руб
Кран Аквасторож Классика 20,3 990 руб
Контроллер Аквасторож Классика,3 990 руб
Кнопка беспроводная Аквасторож,3 990 руб
Кран Аквасторож Классика 25,4 490 руб
Кран Аквасторож Эксперт 15,4 490 руб
Кран Аквасторож Эксперт 20,4 990 руб
Контроллер Аквасторож Классика PRO,4 990 руб
Контроллер Аквасторож Эксперт,4 990 руб
Панель Аквасторож Звезда,4 990 руб
Панель Аквасторож Силовой Расширитель,4 990 руб
Кран Аквасторож Эксперт 25,5 490 руб
Контроллер Аквасторож Эксперт PRO,5 990 руб
Радиобаза Аквасторож,7 990 руб
Система защиты от протечек воды Аквасторож «Классика 1*25»,11 990 руб
Система защиты от протечек воды Аквасторож «Классика 2*15»,12 990 руб
Система защиты от протечек воды Аквасторож «Классика 3 1*25»,13 490 руб
Система защиты от протечек воды Аквасторож «Классика 2*20»,13 990 руб
Система защиты от протечек воды Аквасторож «Классика 3 2*15»,14 490 руб
Система защиты от протечек воды Аквасторож «Классика 3 2*20»,15 490 руб
Система защиты от протечек воды Аквасторож «Эксперт 1*25 PRO» ,16 990 руб
Система защиты от протечек воды Аквасторож «Классика Радио 1*25» ,19 490 руб
Система защиты от протечек воды Аквасторож «Эксперт 2*15» ,19 990 руб
Система защиты от протечек воды Аквасторож «Классика Радио 2*15»,19 990 руб
Система защиты от протечек воды Аквасторож «Эксперт 2*20»,20 990 руб
Система защиты от протечек воды Аквасторож «Классика Радио 2*20»,21 490 руб
Система защиты от протечек воды Аквасторож «Эксперт Радио 1*25 PRO» ,22 990 руб
Система защиты от протечек воды Аквасторож «Эксперт Радио 2*15»,24 990 руб
Система защиты от протечек воды Аквасторож «Эксперт Радио 2*20»,25 990 руб
