Настенный кондиционер (сплит-система) Mitsubishi Electric MSZ-HJ25VA/ MUZ-HJ25VA,36 990 руб
Настенный кондиционер (сплит-система) Mitsubishi Electric MSZ-HJ35VA/ MUZ-HJ35VA,45 900 руб
Кондиционер (Сплит-система) Mitsubishi Electric MS-GF20VA / MU-GF20VA,56 276 руб
Настенный кондиционер (сплит-система) Mitsubishi Electric MS-GF25VA / MU-GF25VA,66 375 руб
Настенный кондиционер (сплит-система) Mitsubishi Electric MS-GF35VA / MU-GF35VA,83 489 руб
Настенный кондиционер (сплит-система) Mitsubishi Electric MSZ-SF25VE/ MUZ-SF25VE,99 215 руб
Настенный кондиционер (сплит-система) Mitsubishi Electric MS-GF50VA / MU-GF50VA,100 063 руб
Настенный кондиционер (сплит-система) Mitsubishi Electric MSZ-EF25VEW/ MUZ-EF25VE,108 158 руб
Настенный кондиционер (сплит-система) Mitsubishi Electric MSZ-EF25VEB/ MUZ-EF25VE,108 158 руб
Настенный кондиционер (сплит-система) Mitsubishi Electric MSZ-EF25VES/ MUZ-EF25VE,109 854 руб
Настенный кондиционер (сплит-система) Mitsubishi Electric MSZ-FH25VE/ MUZ-FH25VE,111 858 руб
Настенный кондиционер (сплит-система) Mitsubishi Electric MSZ-HJ50VA/ MUZ-HJ50VA,115 944 руб
Настенный кондиционер (сплит-система) Mitsubishi Electric MS-GF60VA / MU-GF60VA,119 799 руб
Настенный кондиционер (сплит-система) Mitsubishi Electric MSZ-SF35VE/ MUZ-SF35VE,123 962 руб
Настенный кондиционер (сплит-система) Mitsubishi Electric MSZ-FH35VE/ MUZ-FH35VE,134 060 руб
Настенный кондиционер (сплит-система) Mitsubishi Electric MSZ-EF35VEW/ MUZ-EF35VE,134 523 руб
Настенный кондиционер (сплит-система) Mitsubishi Electric MSZ-EF35VEB/ MUZ-EF35VE,134 523 руб
Настенный кондиционер (сплит-система) Mitsubishi Electric MSZ-EF35VES/ MUZ-EF35VE,136 836 руб
Настенный кондиционер (сплит-система) Mitsubishi Electric MS-GF80VA / MU-GF80VA,142 155 руб
Настенный кондиционер (сплит-система) Mitsubishi Electric MSZ-SF42VE/ MUZ-SF42VE,147 243 руб
Настенный кондиционер (сплит-система) Mitsubishi Electric MSZ-FH25VE/ MUZ-FH25VEHZ,150 018 руб
Настенный кондиционер (сплит-система) Mitsubishi Electric MSZ-EF42VEW/ MUZ-EF42VE,164 280 руб
Настенный кондиционер (сплит-система) Mitsubishi Electric MSZ-EF42VEB/ MUZ-EF42VE,164 280 руб
Настенный кондиционер (сплит-система) Mitsubishi Electric MSZ-EF42VES/ MUZ-EF42VE,165 822 руб
Настенный кондиционер (сплит-система) Mitsubishi Electric MSZ-SF50VE/ MUZ-SF50VE,177 000 руб
Напольный Кондиционер (сплит-система) Mitsubishi Electric MFZ-KJ25VE/MUFZ-KJ25VE,183 321 руб
Настенный кондиционер (сплит-система) Mitsubishi Electric MSZ-FH35VE/ MUZ-FH35VEHZ,184 015 руб
Настенный кондиционер (сплит-система) Mitsubishi Electric MSZ-FH50VE/ MUZ-FH50VE,191 416 руб
Настенный кондиционер (сплит-система) Mitsubishi Electric MSZ-FH50VE/ MUZ-FH50VEHZ,191 416 руб
Настенный кондиционер (сплит-система) Mitsubishi Electric MSZ-EF50VEW/ MUZ-EF50VE,192 572 руб
Настенный кондиционер (сплит-система) Mitsubishi Electric MSZ-EF50VEB/ MUZ-EF50VE,192 572 руб
Настенный кондиционер (сплит-система) Mitsubishi Electric MSZ-EF50VES/ MUZ-EF50VE,195 964 руб
Напольный Кондиционер (сплит-система) Mitsubishi Electric MFZ-KJ35VE/MUFZ-KJ35VE,199 896 руб
Настенный кондиционер (сплит-система) Mitsubishi Electric MSZ-SF60VE/ MUZ-SF60VE,207 142 руб
Напольный Кондиционер (сплит-система) Mitsubishi Electric MFZ-KJ50VE/MUFZ-KJ50VE,244 454 руб
Настенный кондиционер (сплит-система) Mitsubishi Electric MSZ-SF71VE/ MUZ-SF71VE,259 949 руб
Электрическая тепловая пушка MASTER B2 EPB,6 700 руб
Электрический нагреватель воздуха MASTER B 3.3,8 300 руб
Газовая тепловая пушка MASTER BLP 17М,9 700 руб
Электрический нагреватель воздуха MASTER B 5,12 400 руб
Газовая тепловая пушка MASTER BLP 33M,13 800 руб
Инфракрасная электрическая лампа MASTER SOMBRA 8,15 400 руб
Электрический нагреватель воздуха MASTER B 9,15 600 руб
Бытовой осушитель воздуха MASTER DH 720,20 600 руб
Инфракрасный электрический обогреватель MASTER HALL 1500,20 700 руб
Настенная сплит-система Gree Bora GWH07AAA/K3NNA2A,22 880 руб
Инфракрасная электрическая лампа MASTER CHAP 18,23 000 руб
Дизельная тепловая пушка (нагреватель воздуха) прямого нагрева MASTER B 35 CED,24 800 руб
Настенная сплит-система Gree Bora GWH09AAA/K3NNA2A,25 180 руб
Дизельная тепловая пушка  (нагреватель воздуха) прямого нагрева MASTER B 70 CED,25 900 руб
Инфракрасная электрическая лампа MASTER FACT 20,26 200 руб
Водяной калорифер с вентилятором Blowair S1,29 297 руб
 Настенная сплит-система Gree Bora GWH12AAB/K3NNA2A,31 630 руб
 Настенная сплит-система Gree Pular GWH09AGA-K3NNA1A,33 810 руб
Бытовой осушитель воздуха MASTER DH 721,34 200 руб
Уличный газовый инфракрасный обогреватель EURONORD W12,34 845 руб
Электрическая тепловая пушка MASTER B22,39 500 руб
Настенная сплит-система Bora inverter GWH07AAB-K3DNA2A,40 020 руб
Инфракрасный электрический обогреватель MASTER HALL 3000,41 400 руб
Настенная сплит-система Bora inverter GWH09AAB-K3DNA2A,42 370 руб
Настенная сплит-система Bora inverter R32 GWH09AAB-K6DNA2B,42 370 руб
Дизельная тепловая пушка  (нагреватель воздуха) прямого нагрева MASTER B 100 CED,44 600 руб
Настенная сплит-система Bora inverter GWH12AAB-K3DNA2A,47 520 руб
Настенная сплит-система Bora inverter R32 GWH12AAB-K6DNA2A,47 520 руб
Профессиональный осушитель воздуха MASTER DH 732,48 600 руб
Настенная сплит-система Gree Bora GWH18AAC/K3NNA2A,48 620 руб
Дизельный инфракрасный обогреватель MASTER XL 61,49 700 руб
Дизельная тепловая пушка (нагреватель воздуха) прямого нагрева MASTER B 150 CED,55 400 руб
Электрическая тепловая пушка MASTER B18,56 900 руб
Настенная сплит-система Gree Bora GWH24AAD/K3NNA2A,61 150 руб
Водяной калорифер с вентилятором Galletti AREO 12,61 860 руб
Осушитель воздуха (арендная версия) MASTER DH26,69 300 руб
Профессиональный осушитель воздуха MASTER DH 752,71 100 руб
Настенная сплит-система Bora inverter GWH18AAD-K3DNA2E,71 690 руб
Настенная сплит-система Bora inverter R32 GWH18AAD-K6DNA2B,71 690 руб
Дизельная тепловая пушка  (нагреватель воздуха) непрямого нагрева MASTER BV 77E,76 200 руб
Дизельная тепловая пушка  (нагреватель воздуха) прямого нагрева MASTER B 180 ,77 100 руб
 Настенная сплит-система Gree Bora GWH28AAE/K3NNA2A,90 520 руб
Осушитель воздуха (арендная версия) MASTER DH44,94 500 руб
Настенная сплит-система Bora inverter GWH24AAD-K3DNA2A,94 700 руб
 Настенная сплит-система Bora inverter R32 GWH24AAD-K6DNA2A,94 700 руб
Дизельная тепловая пушка (нагреватель воздуха) прямого нагрева MASTER B 300 CED,101 300 руб
Осушитель воздуха (арендная версия) MASTER DH62,103 500 руб
Электрическая тепловая пушка MASTER B 30,109 200 руб
Электрическая тепловая пушка MASTER RS 40,117 000 руб
Профессиональный осушитель воздуха MASTER DH 772,117 000 руб
Стальной водогрейный котл Euronord  K70,121 900 руб
Дизельная тепловая пушка  (нагреватель воздуха) непрямого нагрева MASTER BV 110E,128 500 руб
Осушитель воздуха (арендная версия) MASTER DHP65 ,128 500 руб
Дизельная тепловая пушка  (нагреватель воздуха) прямого нагрева MASTER B 230,129 700 руб
Осушитель воздуха (арендная версия) MASTER DH92,140 100 руб
Дизельная тепловая пушка  (нагреватель воздуха) непрямого нагрева MASTER BV 170E,145 600 руб
Дизельная тепловая пушка (нагреватель воздуха) прямого нагрева MASTER B 360,151 400 руб
Дизельный инфракрасный обогреватель MASTER XL 91,162 000 руб
Дизельная тепловая пушка  (нагреватель воздуха) непрямого нагрева MASTER BV 290E,169 800 руб
Дизельный инфракрасный обогреватель MASTER XL 9,189 000 руб
Газовая тепловая пушка Euronord  NG-L 30,201 907 руб
Адсорбционный осушитель воздуха AERIAL ASE 200,211 100 руб
Промышленный осушитель воздуха MASTER DH 7160,238 700 руб
Адсорбционный осушитель воздуха AERIAL ASE 300,243 000 руб
Дизельная тепловая пушка  (нагреватель воздуха) непрямого нагрева MASTER BV 400E,358 000 руб
Стационарный теплогенератор Kroll 25S,390 751 руб
Дизельная тепловая пушка  (нагреватель воздуха) непрямого нагрева MASTER BV 471  230V AXIAL FAN,423 000 руб
Дизельная тепловая пушка  (нагреватель воздуха) непрямого нагрева MASTER BV 500 AXIAL FAN   (*Акция),445 500 руб
