"Аккумуляторная батарея MHB/MNB MS1,2-6",285 руб
Аккумуляторная батарея Leoch Battery DJW 6-1.3,312 руб
Аккумуляторная батарея HAZE HZS6-1.3,340 руб
Аккумуляторная батарея HAZE HZS6-3.2,410 руб
Аккумуляторная батарея MHB/MNB MS3.2-6,416 руб
Аккумуляторная батарея Leoch Battery DJW 6-2.8,416 руб
Аккумуляторная батарея DELTA DTM 6012,420 руб
Аккумуляторная батарея VENTURA GP 4-4,420 руб
Аккумуляторная батарея MHB/MNB MS4.5-6,435 руб
Аккумуляторная батарея Leoch Battery DJW 6-4.5,435 руб
Аккумуляторная батарея Leoch Battery DJW 6-3.2,443 руб
Аккумуляторная батарея Delta DT 4045,456 руб
Аккумуляторная батарея MHB/MNB MS1.3-12,489 руб
Аккумуляторная батарея Leoch Battery DJW 12-0.8,489 руб
Аккумуляторная батарея Leoch Battery DJW 12-1.3,534 руб
Led-кабель X-Flash для мобильных устройств X-Flash XF-LBB103 Артикул: 45532,555 руб
Led-кабель X-Flash для мобильных устройств X-Flash XF-LBG104 Артикул: 45549,555 руб
Led-кабель X-Flash для мобильных устройств X-Flash XF-LWB107 Артикул: 45570,555 руб
Led-кабель X-Flash для мобильных устройств X-Flash XF-LWG108 Артикул: 45587,555 руб
Led-кабель X-Flash для мобильных устройств XF-MBB101 Артикул: 45518,555 руб
Аккумуляторная батарея DELTA DTM 6045,587 руб
Аккумуляторная батарея CSB GP 645,589 руб
Аккумуляторная батарея HAZE HZS6-4.5,596 руб
Аккумуляторная батарея MHB/MNB MS2.3-12,612 руб
Аккумуляторная батарея Leoch Battery DJW 6-7,617 руб
 Аккумуляторная батарея Challenger A6HR-16W,617 руб
 Аккумуляторная батарея Challenger AS6-5.0,617 руб
Аккумуляторная батарея HAZE HZS12-1.3,656 руб
Аккумуляторная батарея AQQU MP645,662 руб
Аккумуляторная батарея MHB/MNB MS7-6,665 руб
