"Фильтр SVEN Optima Pro 3,1 м (8 евро розеток) серый",490 руб
Однофазный стабилизатор напряжения POWERMAN AVS 500D,1 460 руб
Стабилизатор напряжения Ресанта ACH-500/1-Ц,1 590 руб
Автоматический стабилизатор напряжения SVEN SOHO 1000,1 780 руб
Стабилизатор напряжения Ресанта ACH-1000/1-Ц,1 850 руб
Однофазный стабилизатор напряжения POWERMAN AVS 500M,1 850 руб
Однофазный стабилизатор напряжения POWERMAN AVS 500D Black,2 081 руб
Однофазный стабилизатор напряжения POWERMAN AVS 1000M,2 236 руб
Стабилизатор напряжения Ресанта С500,2 240 руб
Стабилизатор напряжения RUCELF СтАР 500+,2 367 руб
Однофазный стабилизатор напряжения POWERMAN AVS 1000D,2 544 руб
Однофазный стабилизатор напряжения POWERMAN AVS 1000D Black,2 544 руб
Стабилизатор напряжения Ресанта С1500,2 690 руб
Однофазный стабилизатор напряжения Бастион Teplocom ST-555,3 000 руб
Однофазный стабилизатор напряжения POWERMAN AVS 1500M,3 007 руб
Однофазный стабилизатор напряжения POWERMAN AVS 1500D,3 161 руб
Однофазный стабилизатор напряжения POWERMAN AVS 1500D Black,3 161 руб
Стабилизатор напряжения RUCELF СтАР 1000+,3 211 руб
Стабилизатор напряжения для газового котла RUCELF КОТЕЛ-400,3 364 руб
Однофазный стабилизатор напряжения POWERMAN AVS 2000M,3 392 руб
Стабилизатор напряжения Ресанта С2000,3 410 руб
Стабилизатор напряжения RUCELF СтАР 2000+,3 425 руб
Однофазный стабилизатор напряжения ШТИЛЬ R 110,3 610 руб
Стабилизатор напряжения для газового котла RUCELF КОТЕЛ-600,3 646 руб
Однофазный стабилизатор напряжения POWERMAN AVS 2000D,3 700 руб
Однофазный стабилизатор напряжения POWERMAN AVS 2000D Black,3 700 руб
Стабилизатор напряжения Ресанта ACH-1000 /1-ЭМ,3 730 руб
Стабилизатор напряжения для газового котла RUCELF КОТЕЛ-1200,4 133 руб
Однофазный стабилизатор напряжения Бастион Teplocom ST-888,4 270 руб
Устройство сопряжения Бастион Teplocom GF,4 520 руб
Стабилизатор напряжения Ресанта ACH-3000/1-Ц,5 010 руб
Однофазный стабилизатор напряжения Бастион TEPLOCOM ST-1515,5 050 руб
Однофазный стабилизатор напряжения ШТИЛЬ R 250T,5 150 руб
Однофазный стабилизатор напряжения ШТИЛЬ R 400,5 270 руб
Однофазный стабилизатор напряжения POWERMAN AVS 3000M,5 396 руб
Стабилизатор напряжения RUCELF СтАР-5000,5 670 руб
Однофазный стабилизатор напряжения ШТИЛЬ R 400T,5 790 руб
"Автоматический стабилизатор напряжения SVEN AVR-3000 LCD, клеммное подключение",5 900 руб
Однофазный стабилизатор напряжения ШТИЛЬ R 600,5 990 руб
"Стабилизатор переменного напряжения Штиль инверторный R 550i , 500 ВА (ИнСтаб IS550)",5 990 руб
Однофазный стабилизатор напряжения ШТИЛЬ R 250ST,6 060 руб
Однофазный стабилизатор напряжения Бастион Teplocom ST-1300 (ИСП. 5),6 380 руб
Однофазный стабилизатор напряжения POWERMAN AVS 5000M,6 399 руб
Однофазный стабилизатор напряжения ШТИЛЬ R 600T,6 570 руб
Однофазный стабилизатор напряжения ШТИЛЬ R 800,6 810 руб
Однофазный стабилизатор напряжения ШТИЛЬ R 400ST,6 900 руб
Стабилизатор напряжения РЕСАНТА СПН-3600,6 920 руб
Однофазный стабилизатор напряжения ШТИЛЬ R 800T,7 330 руб
"Автомобильный инвертор ""Штиль"" PS24-300А 300 Вт",7 500 руб
"Автомобильный инвертор ""Штиль"" PS12-300А 300 Вт",7 500 руб
Однофазный стабилизатор напряжения ШТИЛЬ R 600ST,7 960 руб
Однофазный стабилизатор напряжения LIDER PS 400 W,8 100 руб
Однофазный стабилизатор напряжения POWERMAN AVS 10000M,8 320 руб
Устройство защиты от скачков напряжения Бастион АЛЬБАТРОС-12345,8 500 руб
Однофазный стабилизатор напряжения ШТИЛЬ R 1200,8 900 руб
"Стабилизатор переменного напряжения ""Штиль"" R 800ST",8 900 руб
Стабилизатор напряжения RUCELF СтАР-10000,9 961 руб
Однофазный стабилизатор напряжения КАСКАД CH-800,10 430 руб
Однофазный стабилизатор напряжения POWERMAN AVS 8000M,10 561 руб
"Стабилизатор переменного напряжения Штиль инверторный R 1000i , 1000 ВА",10 956 руб
Однофазный стабилизатор напряжения КАСКАД CH-1200,11 065 руб
Стабилизатор напряжения RUCELF SRW-10000-D,11 283 руб
Стабилизатор переменного напряжения инверторный  Штиль R 1500i,12 301 руб
Стабилизатор напряжения RUCELF СтАР-12000,12 844 руб
Стабилизатор напряжения RUCELF SDW.II-6000-L,12 850 руб
Однофазный стабилизатор напряжения Штиль R1200SP,13 730 руб
Однофазный стабилизатор напряжения ШТИЛЬ R 1200SPT,13 730 руб
Однофазный стабилизатор напряжения ШТИЛЬ R 2000,13 850 руб
Стабилизатор напряжения RUCELF SRF.II-9000-L,14 059 руб
Стабилизатор напряжения RUCELF SRW.II-9000-L,14 506 руб
Стабилизатор напряжения ЭНЕРГОТЕХ NORMA 3500 ±15 В. 121-259 В. время реакции 20 мс,14 600 руб
Однофазный стабилизатор напряжения Штиль R2000SP,14 970 руб
Однофазный стабилизатор напряжения ШТИЛЬ R 2000SPT,14 970 руб
Однофазный стабилизатор напряжения LIDER PS 1200 W-30,15 200 руб
Однофазный стабилизатор напряжения LIDER PS 1200 W-50,15 800 руб
Стабилизатор напряжения RUCELF SRF.II-12000-L,15 969 руб
Стабилизатор напряжения ЭНЕРГОТЕХ NORMA 3500 (HV) ±15 В. 167-297 В. время реакции 20 мс,16 000 руб
Стабилизатор напряжения RUCELF SRW.II-12000-L,16 226 руб
Однофазный стабилизатор напряжения LIDER PS 2000 W-30,16 300 руб
"Инвертор ""Штиль"" PS12/300, 500 ВА/300 Вт",17 300 руб
"Инвертор ""Штиль"" PS24/400, 600 ВА/400 Вт",17 300 руб
"Инвертор ""Штиль"" PS48/400, 600 ВА/400 Вт",17 300 руб
Однофазный стабилизатор напряжения LIDER PS 2000 W-50,17 600 руб
Однофазный стабилизатор напряжения ШТИЛЬ R 3000,17 830 руб
Стабилизатор напряжения RUCELF SDW.II-9000-L,17 905 руб
"Инвертор ""Штиль"" PS12/300 19"", 500 ВА/300 Вт",18 483 руб
"Инвертор ""Штиль"" PS24/400 19"", 600 ВА/400 Вт",18 483 руб
"Инвертор ""Штиль"" PS48/400 19"", 600 ВА/400 Вт",18 483 руб
Стабилизатор напряжения ЭНЕРГОТЕХ NORMA 5000 ±15 В. 121-259 В. время реакции 20 мс,19 100 руб
Однофазный стабилизатор напряжения ШТИЛЬ R 3000SP,19 520 руб
Однофазный стабилизатор напряжения ШТИЛЬ R 3000SPT,19 520 руб
Стабилизатор напряжения ЭНЕРГОТЕХ NORMA Exclusive 5000 ±11 В.120-260 В. время реакции 20 мс,20 600 руб
Стабилизатор напряжения ЭНЕРГОТЕХ NORMA 5000 (HV) ±15 В. 167-297 В. время реакции 20 мс,21 000 руб
Однофазный стабилизатор напряжения КАСКАД CH-2000,21 113 руб
Стабилизатор напряжения ЭНЕРГОТЕХ NORMA 7500 ±15 В. 121-259 В. время реакции 20 мс,22 275 руб
Стабилизатор напряжения ЭНЕРГОТЕХ OPTIMUM 5000 ±10 В. 125-253 В. время реакции 20 мс.,22 400 руб
"Стабилизатор переменного напряжения Штиль инверторный R 3500i , 3500 ВА",22 649 руб
Однофазный стабилизатор напряжения LIDER PS 3000 W-30,23 300 руб
Стабилизатор напряжения ЭНЕРГОТЕХ NORMA Exclusive 7500 ±11 В. 120-260 В. время реакции 20 мс,24 400 руб
Однофазный стабилизатор напряжения КАСКАД CH-4000,24 547 руб
Стабилизатор напряжения ЭНЕРГОТЕХ NORMA 7500 (HV) ±15 В. 167-297 В. время реакции 20 мс,24 800 руб
Однофазный стабилизатор напряжения LIDER PS 3000 W-50,25 200 руб
Однофазный стабилизатор напряжения LIDER PS 5000 W-30,26 000 руб
Стабилизатор напряжения ЭНЕРГОТЕХ OPTIMUM 7500 ±10 В. 125-253 В. время реакции 20 мс.,26 500 руб
Стабилизатор напряжения RUCELF SRV-20000-D,26 615 руб
Стабилизатор напряжения ЭНЕРГОТЕХ NORMA 9000 ±15 В. 121-259 В. время реакции 20 мс,27 300 руб
Трехфазный стабилизатор напряжения ШТИЛЬ R 3600-3,27 440 руб
Однофазный стабилизатор напряжения LIDER PS 7500 W-30,27 600 руб
Стабилизатор напряжения ЭНЕРГОТЕХ NORMA Exclusive 9000 ±11 В. 120-260 В. время реакции 20 мс,29 600 руб
Однофазный стабилизатор напряжения LIDER PS 3000 SQ-15,29 700 руб
Стабилизатор напряжения ЭНЕРГОТЕХ NORMA 9000 (HV) ±15 В. 167-297 В. время реакции 20 мс,30 100 руб
Однофазный стабилизатор напряжения LIDER PS 5000 W-50,30 100 руб
Однофазный стабилизатор напряжения LIDER PS 3000 SQ-25,30 900 руб
Однофазный стабилизатор напряжения LIDER PS 5000 SQ-15,31 000 руб
Однофазный стабилизатор напряжения ШТИЛЬ R 4500,31 660 руб
Стабилизатор напряжения ЭНЕРГОТЕХ OPTIMUM 9000 ±10 В. 125-253 В. время реакции 20 мс,31 800 руб
Стабилизатор напряжения ЭНЕРГОТЕХ NORMA 12000 ±15 В. 121-259 В. время реакции 20 мс,32 100 руб
Однофазный стабилизатор напряжения LIDER PS 7500 SQ-15,32 500 руб
Однофазный стабилизатор напряжения LIDER PS10000W-15,32 600 руб
Стабилизатор напряжения RUCELF SDV-15000,33 196 руб
Однофазный стабилизатор напряжения LIDER PS 5000 SQ-25,33 500 руб
Однофазный стабилизатор напряжения LIDER PS 3000 SQ-L,34 000 руб
Стабилизатор напряжения RUCELF SDV-3-15000,34 695 руб
Стабилизатор напряжения ЭНЕРГОТЕХ NORMA Exclusive 12000 ±11 В. 120-260 В. время реакции 20 мс,34 700 руб
Однофазный стабилизатор напряжения LIDER PS 3000 SQ-40,34 800 руб
Однофазный стабилизатор напряжения ШТИЛЬ R 4500C,34 860 руб
Однофазный стабилизатор напряжения LIDER PS 10000 SQ-15,35 300 руб
Стабилизатор напряжения ЭНЕРГОТЕХ NORMA 12000 (HV) ±15 В. 167-297 В. время реакции 20 мс,35 400 руб
Однофазный стабилизатор напряжения LIDER PS 7500 SQ-25,35 500 руб
Однофазный стабилизатор напряжения LIDER PS 10000 W-30,35 600 руб
Стабилизатор напряжения ЭНЕРГОТЕХ OPTIMUM 12000 ±10 В. 125-253 В. время реакции 20 мс,36 800 руб
Однофазный стабилизатор напряжения LIDER PS 5000 SQ-40,37 000 руб
Однофазный стабилизатор напряжения ШТИЛЬ R 6000,37 770 руб
Однофазный стабилизатор напряжения LIDER PS 7500 W-50,38 500 руб
Однофазный стабилизатор напряжения LIDER PS 10000 W-50,39 500 руб
Стабилизатор напряжения RUCELF SDV-20000,40 168 руб
Однофазный стабилизатор напряжения LIDER PS 10000 SQ-25,41 200 руб
Однофазный стабилизатор напряжения ШТИЛЬ R 6000C,41 600 руб
Стабилизатор напряжения ЭНЕРГОТЕХ NORMA 15000 ±15 В. 121-259 В. время реакции 20 мс,42 100 руб
Стабилизатор напряжения RUCELF SDV-3-20000,42 405 руб
Стабилизатор напряжения RUCELF SDV.II-15000-L,42 584 руб
Однофазный стабилизатор напряжения LIDER PS 12000 SQ-15,42 600 руб
Однофазный стабилизатор напряжения Бастион SKAT - ST 12345,43 000 руб
Однофазный стабилизатор напряжения LIDER PS 12000 W-30,43 800 руб
Однофазный стабилизатор напряжения ШТИЛЬ R 7500,43 880 руб
Однофазный стабилизатор напряжения КАСКАД 5,44 158 руб
Трехфазный стабилизатор напряжения ШТИЛЬ R 6000-3,44 810 руб
Однофазный стабилизатор напряжения LIDER PS 7500 SQ-40,45 200 руб
Стабилизатор напряжения ЭНЕРГОТЕХ NORMA 15000 (HV) ±15 В. 167-297 В. время реакции 20 мс,46 300 руб
Стабилизатор напряжения ЭНЕРГОТЕХ NORMA Exclusive 15000 ±11 В. 120-260 В. время реакции 20 мс,46 300 руб
Однофазный стабилизатор напряжения КАСКАД 7,46 918 руб
Однофазный стабилизатор напряжения LIDER PS 12000 W-50,47 000 руб
Однофазный стабилизатор напряжения КАСКАД 8,48 298 руб
Однофазный стабилизатор напряжения ШТИЛЬ R7500C,48 330 руб
Стабилизатор напряжения RUCELF SDV-30000,49 296 руб
Стабилизатор напряжения ЭНЕРГОТЕХ OPTIMUM 15000 ±10 В. 125-253 В. время реакции 20 мс,50 700 руб
Однофазный стабилизатор напряжения КАСКАД 10,52 852 руб
Стабилизатор напряжения ЭНЕРГОТЕХ NORMA 20000 ±15 В. 121-259 В. время реакции 20 мс,53 330 руб
Однофазный стабилизатор напряжения КАСКАД 12,53 818 руб
Стабилизатор напряжения RUCELF SDV-3-30000,53 970 руб
Однофазный стабилизатор напряжения ШТИЛЬ R 10000,57 670 руб
Стабилизатор напряжения ЭНЕРГОТЕХ NORMA 20000 (HV) ±15 В. 167-297 В. время реакции 20 мс,58 700 руб
Стабилизатор напряжения ЭНЕРГОТЕХ NORMA Exclusive 20000 ±11 В. 120-260 В. время реакции 20 мс,59 800 руб
Однофазный стабилизатор напряжения LIDER PS 7500 SQ-I-15,60 100 руб
Однофазный стабилизатор напряжения LIDER PS 15000 W-30,61 000 руб
Стабилизатор напряжения RUCELF SDV.II-25000-L,61 713 руб
Однофазный стабилизатор напряжения LIDER PS 15000 W+50/-30,63 000 руб
Однофазный стабилизатор напряжения ШТИЛЬ R 10000C,63 500 руб
Однофазный стабилизатор напряжения КАСКАД 15,63 591 руб
Однофазный стабилизатор напряжения LIDER PS 20000 W-30,63 700 руб
Однофазный стабилизатор напряжения LIDER PS 10000 SQ-I-15,64 800 руб
Однофазный стабилизатор напряжения ШТИЛЬ R 12000,64 870 руб
Однофазный стабилизатор напряжения LIDER PS 20000 W+50/-30,65 000 руб
Однофазный стабилизатор напряжения LIDER PS 7500 SQ-I-25,65 600 руб
Стабилизатор напряжения ЭНЕРГОТЕХ OPTIMUM 20000 ±10 В. 125-253 В. время реакции 20 мс,66 700 руб
Трехфазный стабилизатор напряжения ШТИЛЬ R 9000-3,67 380 руб
Однофазный стабилизатор напряжения КАСКАД 17,68 679 руб
Однофазный стабилизатор напряжения LIDER PS 10000 SQ-I-25,69 700 руб
Однофазный стабилизатор напряжения LIDER PS 7500 SQ-I-40,69 800 руб
Однофазный стабилизатор напряжения ШТИЛЬ R 12000C,71 450 руб
Однофазный стабилизатор напряжения Сатурн СНЭ-О-4,71 532 руб
Однофазный стабилизатор напряжения LIDER PS 30000 W-30,71 600 руб
Однофазный стабилизатор напряжения Сатурн СНЭ-О-5,72 992 руб
Однофазный стабилизатор напряжения LIDER PS 12000 SQ-I-15,73 600 руб
Однофазный стабилизатор напряжения Сатурн СНЭ-О-7,73 868 руб
Однофазный стабилизатор напряжения LIDER PS 15000 SQ-I-15,74 100 руб
Однофазный стабилизатор напряжения Сатурн СНЭ-О-8,74 451 руб
Однофазный стабилизатор напряжения LIDER PS 5000 SQ-L,75 000 руб
Однофазный стабилизатор напряжения КАСКАД 20,75 038 руб
Трехфазный стабилизатор напряжения LIDER PS 9 W-30 в комплекте стойка LIDER 9-36 с ручным байпасом трехфазная (380 В),77 362 руб
Однофазный стабилизатор напряжения ШТИЛЬ R 16000,78 000 руб
Трехфазный стабилизатор напряжения LIDER PS15W-30,78 000 руб
Однофазный стабилизатор напряжения Сатурн СНЭ-О-10,79 629 руб
Однофазный стабилизатор напряжения LIDER PS 10000 SQ-I-40,79 900 руб
Трехфазный стабилизатор напряжения LIDER PS 9 W-50 в комплекте стойка LIDER 9-36 с ручным байпасом трехфазная (380 В),80 182 руб
Трехфазный стабилизатор напряжения LIDER PS 9 W-30,81 000 руб
Однофазный стабилизатор напряжения LIDER PS 12000 SQ-I-25,81 300 руб
Однофазный стабилизатор напряжения LIDER PS 7500 SQ-L,81 300 руб
Однофазный стабилизатор напряжения ШТИЛЬ R 16000P,82 000 руб
Однофазный стабилизатор напряжения LIDER PS 10000 SQ-L,82 500 руб
Однофазный стабилизатор напряжения LIDER PS 20000 SQ-I-15,85 100 руб
Однофазный стабилизатор напряжения LIDER PS 15000 SQ-I-25,85 200 руб
Однофазный стабилизатор напряжения LIDER PS 12000 SQ-I-40,85 900 руб
Трехфазный стабилизатор напряжения LIDER PS 9 W-50,87 000 руб
Трехфазный стабилизатор напряжения LIDER PS 9 SQ-15,89 100 руб
Однофазный стабилизатор напряжения LIDER PS 20000 SQ-I-25,89 700 руб
Трехфазный стабилизатор напряжения LIDER PS15W-30 в комплекте стойка LIDER 9-36 с ручным байпасом трехфазная (380 В),90 193 руб
Трехфазный стабилизатор напряжения LIDER PS 15 W-50,90 300 руб
Однофазный стабилизатор напряжения ШТИЛЬ R 21000,91 500 руб
Трехфазный стабилизатор напряжения LIDER PS 9 SQ-25,92 700 руб
Трехфазный стабилизатор напряжения LIDER PS 15 SQ-15,93 000 руб
Трехфазный стабилизатор напряжения LIDER PS 9 SQ-15 в комплекте стойка LIDER 9-36 с ручным байпасом трехфазная (380 В),93 154 руб
Однофазный стабилизатор напряжения LIDER PS 15000 SQ-I-40,93 400 руб
Однофазный стабилизатор напряжения ШТИЛЬ R 21000P,95 300 руб
Однофазный стабилизатор напряжения Сатурн СНЭ-О-7*,95 619 руб
Однофазный стабилизатор напряжения Сатурн СНЭ-О-8*,95 619 руб
Инвертор CE+T серии ARCON-ST 300 ВА 48/230 В,96 390 руб
Трехфазный стабилизатор напряжения LIDER PS 22 SQ-15,97 500 руб
Трехфазный стабилизатор напряжения LIDER PS 15 W-50 в комплекте стойка LIDER 9-36 с ручным байпасом трехфазная (380 В),98 230 руб
Однофазный стабилизатор напряжения Сатурн СНЭ-О-10*,99 269 руб
Трехфазный стабилизатор напряжения LIDER PS 9 SQ-25 в комплекте стойка LIDER 9-36 с ручным байпасом трехфазная (380 В),100 486 руб
Трехфазный стабилизатор напряжения LIDER PS 15 SQ-25,100 500 руб
Однофазный стабилизатор напряжения ШТИЛЬ R 27000,101 000 руб
Однофазный стабилизатор напряжения Сатурн СНЭ-О-14,102 188 руб
Трехфазный стабилизатор напряжения LIDER PS 22 W-30,103 500 руб
Однофазный стабилизатор напряжения LIDER PS 15000 SQ-L,103 500 руб
Трехфазный стабилизатор напряжения LIDER PS 9 SQ-40,104 400 руб
Трехфазный стабилизатор напряжения ШТИЛЬ R 13500-3,104 650 руб
Однофазный стабилизатор напряжения LIDER PS 30000 SQ-I-15,105 500 руб
Инвертор CE+T серии STI/G2 600 ВА 48/230 В,105 570 руб
Трехфазный стабилизатор напряжения LIDER PS 30 SQ-15,105 900 руб
Трехфазный стабилизатор напряжения LIDER PS 22 W-30 в комплекте стойка LIDER 9-36 с ручным байпасом трехфазная (380 В),106 126 руб
Трехфазный стабилизатор напряжения LIDER PS 22 SQ-25,106 500 руб
Трехфазный стабилизатор напряжения LIDER PS 30 W-30,106 800 руб
Трехфазный стабилизатор напряжения LIDER PS 9 SQ-40 в комплекте стойка LIDER 9-36 с ручным байпасом трехфазная (380 В),107 818 руб
Однофазный стабилизатор напряжения ШТИЛЬ R 27000P,108 200 руб
Трехфазный стабилизатор напряжения LIDER PS 15 SQ-25 в комплекте стойка LIDER 9-36 с ручным байпасом трехфазная (380 В),109 228 руб
Однофазный стабилизатор напряжения Сатурн СНЭ-О-17,109 487 руб
Трехфазный стабилизатор напряжения LIDER PS 15 SQ-40,111 000 руб
Стабилизатор напряжения RUCELF SDV-3-60000,111 537 руб
Однофазный стабилизатор напряжения ШТИЛЬ R 33000,114 000 руб
Трехфазный стабилизатор напряжения LIDER PS 22 SQ-15 в комплекте стойка LIDER 9-36 с ручным байпасом трехфазная (380 В),115 150 руб
Трехфазный стабилизатор напряжения LIDER PS 22 W-50,115 500 руб
Однофазный стабилизатор напряжения Сатурн СНЭ-О-20,116 786 руб
Трехфазный стабилизатор напряжения LIDER PS 30 W-50,118 500 руб
Однофазный стабилизатор напряжения LIDER PS 20000 SQ-L,118 600 руб
Однофазный стабилизатор напряжения ШТИЛЬ R 33000P,119 000 руб
Однофазный стабилизатор напряжения LIDER PS 20000 SQ-I-40,119 900 руб
Трехфазный стабилизатор напряжения LIDER PS 22 W-50 в комплекте стойка LIDER 9-36 с ручным байпасом трехфазная (380 В),121 495 руб
Трехфазный стабилизатор напряжения ШТИЛЬ R 18000-3,123 360 руб
Инвертор CE+T серии STI/G2 1000 ВА 48/230 В,123 420 руб
Трехфазный стабилизатор напряжения LIDER PS 30 SQ-25,123 600 руб
Однофазный стабилизатор напряжения LIDER PS 30000 SQ-I-25,125 000 руб
Трехфазный стабилизатор напряжения ШТИЛЬ R 13500-3C,126 720 руб
Трехфазный стабилизатор напряжения LIDER PS 36 SQ-15,127 800 руб
Трехфазный стабилизатор напряжения LIDER PS 22 SQ-25 в комплекте стойка LIDER 9-36 с ручным байпасом трехфазная (380 В),130 378 руб
Трехфазный стабилизатор напряжения КАСКАД 15,132 474 руб
Трехфазный стабилизатор напряжения LIDER PS 22 SQ-40,135 600 руб
Трехфазный стабилизатор напряжения LIDER PS 30 W-30 в комплекте стойка LIDER 9-36 с ручным байпасом трехфазная (380 В),136 018 руб
Однофазный стабилизатор напряжения LIDER PS 30000 SQ-L,138 000 руб
Трехфазный стабилизатор напряжения LIDER PS 15 SQ-40 в комплекте стойка LIDER 9-36 с ручным байпасом трехфазная (380 В),139 402 руб
Трехфазный стабилизатор напряжения КАСКАД 20,140 754 руб
Трехфазный стабилизатор напряжения LIDER PS 36 W-50,141 000 руб
Трехфазный стабилизатор напряжения LIDER PS 30 W-50 в комплекте стойка LIDER 9-36 с ручным байпасом трехфазная (380 В),143 914 руб
Трехфазный стабилизатор напряжения ШТИЛЬ R 22500-3,144 260 руб
Трехфазный стабилизатор напряжения КАСКАД 25,144 894 руб
Трехфазный стабилизатор напряжения ШТИЛЬ R 18000-3C,149 380 руб
Трехфазный стабилизатор напряжения LIDER PS 30 SQ-15 в комплекте стойка LIDER 9-36 с ручным байпасом трехфазная (380 В),150 118 руб
Трехфазный стабилизатор напряжения LIDER PS 36 W-30 в комплекте стойка LIDER 9-36 с ручным байпасом трехфазная (380 В),152 938 руб
Трехфазный стабилизатор напряжения LIDER PS 36 W-30,153 000 руб
Трехфазный стабилизатор напряжения КАСКАД 30,158 556 руб
Трехфазный стабилизатор напряжения LIDER PS 22 SQ-40 в комплекте стойка LIDER 9-36 с ручным байпасом трехфазная (380 В),159 142 руб
Трехфазный стабилизатор напряжения LIDER PS 36 W-50 в комплекте стойка LIDER 9-36 с ручным байпасом трехфазная (380 В),159 988 руб
Трехфазный стабилизатор напряжения КАСКАД 36,161 454 руб
Однофазный стабилизатор напряжения LIDER PS 50000 SQ-I-15,162 000 руб
Инвертор CE+T серии ARCON-ST 600 ВА 48/230 В,162 690 руб
Стабилизатор напряжения RUCELF SDV-3-90000,167 306 руб
Однофазный стабилизатор напряжения Сатурн СНЭ-О-14*,170 800 руб
Однофазный стабилизатор напряжения Сатурн СНЭ-О-17*,172 698 руб
Однофазный стабилизатор напряжения LIDER PS 30000 SQ-I-40,175 000 руб
Трехфазный стабилизатор напряжения LIDER PS 22 SQ-I-15 в комплекте стойка LIDER 9-36 с ручным байпасом трехфазная (380 В),176 626 руб
Трехфазный стабилизатор напряжения ШТИЛЬ R 22500-3C,177 350 руб
Трехфазный стабилизатор напряжения LIDER PS 22 SQ-I-15,180 300 руб
Трехфазный стабилизатор напряжения LIDER PS 45 W-30,183 000 руб
Трехфазный стабилизатор напряжения LIDER PS 30 SQ-I-15 в комплекте стойка LIDER 9-36 с ручным байпасом трехфазная (380 В),183 958 руб
Трехфазный стабилизатор напряжения ШТИЛЬ R 30000-3,187 600 руб
Трехфазный стабилизатор напряжения LIDER PS 36 SQ-15 в комплекте стойка LIDER 9-36 с ручным байпасом трехфазная (380 В),188 188 руб
Трехфазный стабилизатор напряжения LIDER PS 45 W +50/30,189 000 руб
Инвертор CE+T серии ARCON-ST 1250 ВА 24/230 В,189 567 руб
Трехфазный стабилизатор напряжения КАСКАД 45,190 773 руб
Однофазный стабилизатор напряжения LIDER PS 50000 SQ-I-25,193 000 руб
Однофазный стабилизатор напряжения Сатурн СНЭ-О-20*,194 158 руб
Трехфазный стабилизатор напряжения LIDER PS 30 SQ-I-15,194 400 руб
Трехфазный стабилизатор напряжения LIDER PS 22 SQ-I-25,196 800 руб
Однофазный стабилизатор напряжения Сатурн СНЭ-О-25,198 537 руб
Инвертор CE+T серии ARCON-ST 1250 ВА 48/230 В,198 900 руб
Однофазный стабилизатор напряжения Сатурн СНЭ-О-30,201 457 руб
Однофазный стабилизатор напряжения Сатурн СНЭ-О-33,202 916 руб
Однофазный стабилизатор напряжения LIDER PS 75000 SQ-I-15,205 000 руб
Трехфазный стабилизатор напряжения КАСКАД 50,206 037 руб
Однофазный стабилизатор напряжения Сатурн СНЭ-О-40,207 926 руб
Трехфазный стабилизатор напряжения ШТИЛЬ R 36000-3,208 600 руб
Трехфазный стабилизатор напряжения LIDER PS 30 SQ-I-25,209 100 руб
Трехфазный стабилизатор напряжения LIDER PS 22 SQ-I-40,209 400 руб
Однофазный стабилизатор напряжения Сатурн СНЭ-О-44,211 675 руб
Трехфазный стабилизатор напряжения Сатурн СНЭ-Т-12,214 596 руб
Трехфазный стабилизатор напряжения Сатурн СНЭ-Т-15,218 976 руб
Трехфазный стабилизатор напряжения LIDER PS 36 SQ-I-15,220 800 руб
Трехфазный стабилизатор напряжения Сатурн СНЭ-Т-20,221 604 руб
Однофазный стабилизатор напряжения Сатурн СНЭ-О-50,221 894 руб
Трехфазный стабилизатор напряжения LIDER PS 45 SQ-I-15,222 300 руб
Однофазный стабилизатор напряжения LIDER PS 50000 SQ-L,223 000 руб
Трехфазный стабилизатор напряжения Сатурн СНЭ-Т-25,223 353 руб
Трехфазный стабилизатор напряжения LIDER PS 45 W +50/30,225 000 руб
Трехфазный стабилизатор напряжения КАСКАД 60,225 114 руб
Трехфазный стабилизатор напряжения ШТИЛЬ R 30000-3C,225 350 руб
Трехфазный стабилизатор напряжения LIDER PS 36 SQ-I-15 в комплекте стойка LIDER 9-36 с ручным байпасом трехфазная (380 В),228 550 руб
Трехфазный стабилизатор напряжения LIDER PS 60 W-30,234 000 руб
Трехфазный стабилизатор напряжения LIDER PS 60 W+50/-30,237 000 руб
Трехфазный стабилизатор напряжения Сатурн СНЭ-Т-30,238 887 руб
Трехфазный стабилизатор напряжения LIDER PS 30 SQ-I-40,239 700 руб
Трехфазный стабилизатор напряжения ШТИЛЬ R 48000-3,240 500 руб
Трехфазный стабилизатор напряжения ШТИЛЬ R 36000-3C,243 680 руб
Трехфазный стабилизатор напряжения LIDER PS 36 SQ-I-25,243 900 руб
Трехфазный стабилизатор напряжения LIDER PS 36 SQ-I-25 в комплекте стойка LIDER 9-36 с ручным байпасом трехфазная (380 В),248 677 руб
Трехфазный стабилизатор напряжения ШТИЛЬ R 48000-3P,252 500 руб
Инвертор CE+T серии RDI 3000 ВА 24/230 В,252 756 руб
Трехфазный стабилизатор напряжения LIDER PS 63 SQ-I-15,255 300 руб
Трехфазный стабилизатор напряжения LIDER PS 45 SQ-I-25,255 600 руб
Трехфазный стабилизатор напряжения LIDER PS 36 SQ-I-40,257 700 руб
Трехфазный стабилизатор напряжения LIDER PS 90 W-30,267 000 руб
Трехфазный стабилизатор напряжения LIDER PS 63 SQ-I-25,269 100 руб
Трехфазный стабилизатор напряжения LIDER PS 45 SQ-I-40,280 200 руб
Инвертор CE+T серии ARCON-ST 3000 ВА 24/230 В,282 846 руб
Трехфазный стабилизатор Сатурн СНЭ-Т-20*,286 857 руб
Трехфазный стабилизатор напряжения Сатурн СНЭ-Т-25*,286 857 руб
Трехфазный стабилизатор напряжения ШТИЛЬ R 63000-3,287 000 руб
Трехфазный стабилизатор напряжения ШТИЛЬ R 63000-3P,297 000 руб
Трехфазный стабилизатор напряжения Сатурн СНЭ-Т-30*,297 807 руб
Трехфазный стабилизатор напряжения Сатурн СНЭ-Т-40,306 564 руб
Инвертор CE+T серии ARCON-ST 3000 ВА 48/230 В,307 020 руб
Трехфазный стабилизатор напряжения ШТИЛЬ R 81000-3,315 100 руб
Трехфазный стабилизатор напряжения LIDER PS 100 SQ-I-15,316 500 руб
Трехфазный стабилизатор напряжения Сатурн СНЭ-Т-50,328 461 руб
Трехфазный стабилизатор напряжения ШТИЛЬ R 81000-3P,330 800 руб
Трехфазный стабилизатор напряжения ШТИЛЬ R 100K-3,331 600 руб
Трехфазный стабилизатор напряжения ШТИЛЬ R 100K-3P,344 300 руб
Трехфазный стабилизатор напряжения Сатурн СНЭ-Т-60,350 358 руб
Трехфазный стабилизатор напряжения LIDER PS 63 SQ-I-40,359 700 руб
Трехфазный стабилизатор напряжения LIDER PS 100 SQ-I-25,375 000 руб
Однофазный стабилизатор напряжения Сатурн СНЭ-О-50*,386 855 руб
Однофазный стабилизатор напряжения Сатурн СНЭ-О-60,399 994 руб
Однофазный стабилизатор напряжения Сатурн СНЭ-О-70,404 373 руб
Однофазный стабилизатор напряжения Сатурн СНЭ-О-80,411 672 руб
Однофазный стабилизатор напряжения Сатурн СНЭ-О-90,417 511 руб
Однофазный стабилизатор напряжения Сатурн СНЭ-О-100,427 730 руб
Однофазный стабилизатор напряжения Сатурн СНЭ-О-110,454 007 руб
Трехфазный стабилизатор напряжения LIDER PS 150 SQ-I-15,486 000 руб
Однофазный стабилизатор напряжения Сатурн СНЭ-О-120,487 583 руб
Однофазный стабилизатор напряжения Сатурн СНЭ-О-140,509 481 руб
Трехфазный стабилизатор напряжения Сатурн СНЭ-Т-40*,512 400 руб
Трехфазный стабилизатор напряжения Сатурн СНЭ-Т-50*,518 094 руб
Трехфазный стабилизатор напряжения LIDER PS 100 SQ-I-40,525 000 руб
Трехфазный стабилизатор напряжения LIDER PS 150 SQ-I-25,579 000 руб
Трехфазный стабилизатор напряжения Сатурн СНЭ-Т-60*,582 474 руб
Трехфазный стабилизатор напряжения Сатурн СНЭ-Т-75,595 611 руб
Трехфазный стабилизатор напряжения Сатурн СНЭ-Т-90,604 371 руб
Трехфазный стабилизатор напряжения LIDER PS 225 SQ-I-15,615 000 руб
Трехфазный стабилизатор напряжения Сатурн СНЭ-Т-132,635 025 руб
Трехфазный стабилизатор напряжения Сатурн СНЭ-Т-150,665 682 руб
Трехфазный стабилизатор напряжения Сатурн СНЭ-Т-150*,1 160 565 руб
Трехфазный стабилизатор напряжения Сатурн СНЭ-Т-180,1 199 982 руб
Трехфазный стабилизатор напряжения Сатурн СНЭ-Т-210,1 213 119 руб
Трехфазный стабилизатор напряжения Сатурн СНЭ-Т-240,1 235 016 руб
Трехфазный стабилизатор напряжения Сатурн СНЭ-Т-270,1 252 533 руб
Трехфазный стабилизатор напряжения LIDER PS 300 SQ-I-15,1 276 500 руб
Трехфазный стабилизатор напряжения Сатурн СНЭ-Т-300,1 289 190 руб
Стабилизатор напряжения RUCELF SRW.II-6000-L,9 790 руб
Трехфазный стабилизатор напряжения КАСКАД 70,493 570 руб
Трехфазный стабилизатор напряжения КАСКАД 90,517 073 руб
Трехфазный стабилизатор напряжения КАСКАД 100,564 079 руб
Трехфазный стабилизатор напряжения КАСКАД 120,658 092 руб
Стабилизатор напряжения однофазный Powerman AVS 500A,1 110 руб
Стабилизатор напряжения однофазный Powerman AVS 500C,1 250 руб
Стабилизатор напряжения однофазный Powerman AVS 500S,1 557 руб
"Инвертор SVC BI-500, 500Вт, 220В, 50Гц, 3 мс, чёрный, 220*155*60 мм",2 015 руб
"Стабилизатор SVC AVR-1012-G, 1200ВА / 720Вт, 220В, 50 Гц, серый, 417*136*90 мм",2 309 руб
"Стабилизатор SVC AVR-1000, 1000ВА / 1000Вт, 220В, 50 Гц, чёрный, 260*85*140 мм",2 402 руб
Релейный стабилизатор напряжения SUNTEK 500 ВА,2 520 руб
Релейный стабилизатор напряжения SUNTEK PR 1000 ВА,2 730 руб
Стабилизатор напряжения однофазный БАСТИОН Teplocom ST-222/500-И,2 772 руб
стабилизатор напряжения sven avr slim 2000 lcd,2 779 руб
Стабилизатор напряжения однофазный IEK Home СНР1-0-2 кВА,2 910 руб
Релейный стабилизатор напряжения SUNTEK 550 ВА,2 940 руб
Релейный стабилизатор напряжения SUNTEK 1000 ВА,3 470 руб
Стабилизатор напряжения Ресанта АСН-2000Н/1-Ц,3 470 руб
Умная розетка SAVER (анализатор напряжения),3 490 руб
Релейный стабилизатор напряжения SUNTEK PR 1500 ВА,3 560 руб
Релейный стабилизатор напряжения SUNTEK 1500 ВА,3 680 руб
Электромеханический стабилизатор напряжения SUNTEK 550 Premium 220/110,3 680 руб
Релейный стабилизатор напряжения SUNTEK PR 2000 ВА,4 095 руб
Релейный стабилизатор напряжения SUNTEK 2000 ВА,4 095 руб
Стабилизатор напряжения однофазный EKF TITAN F-3000 PROxima,4 230 руб
Стабилизатор переменного напряжения Штиль инверторный ИнСтаб 350  350 ВА / 300 Вт,4 519 руб
Стабилизатор напряжения однофазный EKF TITAN W-3000 PROxima,4 600 руб
"Инвертор SVC BI-1000, 1000Вт, 220В, 50Гц, 3 мс, чёрный, 315*162*81 мм",4 658 руб
Стабилизатор напряжения однофазный IEK Home СНР1-0-3 кВА,4 790 руб
Стабилизатор напряжения однофазный БАСТИОН TEPLOCOM ST-400 INVERTOR,4 900 руб
Стабилизатор напряжения RUCELF СтАР-3000VA,4 937 руб
"Инвертор SVC DIL-600, 600ВА / 360Вт, 220В, 50Гц, 3 мс, чёрный, 290*255*120 мм",5 352 руб
"Стабилизатор напряжения однофазный TDM ЕLECTRIC СНС1-1-0,5",5 678 руб
Стабилизатор напряжения Ресанта  АСН-3000Н/1-Ц,5 740 руб
Релейный стабилизатор напряжения SUNTEK 3000 ВА,6 200 руб
"Инвертор SVC DI-600-F-LCD, 600ВА / 360Вт, 220В, 50Гц, 3 мс, чёрный, 290*255*120 мм",6 219 руб
Стабилизатор напряжения однофазный REXANT АСН-5000/1-Ц,6 461 руб
Стабилизатор напряжения релейный RUCELF SRW- 5000-D,6 742 руб
"Инвертор SVC DIL-800, 800ВА / 640Вт, 220В, 50Гц, 3 мс, чёрный, 290*255*120 мм",6 980 руб
Стабилизатор напряжения SUNTEK 2000 ВА ЭМ,7 340 руб
Инвертор SVC BI-1500,7 434 руб
"Инвертор SVC DIL-1000, 1000ВА / 800Вт, 220В, 50Гц, 3 мс, чёрный, 290*255*120 мм",7 500 руб
Релейный стабилизатор напряжения SUNTEK 5000 ВА,7 670 руб
Стабилизатор напряжения однофазный Энергия Voltron 3000,7 700 руб
Стабилизатор напряжения однофазный Powerman AVS 10000D,8 020 руб
 Стабилизатор напряжения однофазный LUX АСН-8000Н/1-Ц (8 кВт),8 120 руб
Стабилизатор напряжения однофазный Энергия Voltron 5000,8 140 руб
"Инвертор SVC DI-800-F-LCD, 800ВА / 640Вт, 220В, 50Гц, 3 мс, чёрный, 290*255*120 мм",9 182 руб
"СТОЙКА 9-36 SQ-C LIDER С КОНТРОЛЕМ 3-Х ФАЗНОГО ВЫХОДА ТРЕХФАЗНЫЕ (380 В) - СТОЙКИ К ТРЕХФАЗНЫМ СТАБИЛИЗАТОРАМ СЕРИИ W; W-SD, SQ И SQ-C",9 500 руб
Инвертор SVC BI-2000,9 649 руб
Стабилизатор напряжения однофазный LUX АСН-10000Н/1-Ц (10 кВт),10 210 руб
"Инвертор SVC DI-1200-F-LCD, 1200ВА / 1000Вт, 220В, 50Гц, 3 мс, чёрный, 290*255*120 мм",10 236 руб
"Инвертор SVC DI-1000-F-LCD, 1000ВА / 800Вт, 220В, 50Гц, 3 мс, чёрный, 290*255*120 мм",10 316 руб
"Инвертор SVC DIL-1200, 1200ВА / 1000Вт, 220В, 50Гц, 3 мс, чёрный, 290*255*120 мм",10 613 руб
Стабилизатор напряжения однофазный Powerman AVS 10000P,10 760 руб
Релейный стабилизатор напряжения SUNTEK 8500 ВА,10 820 руб
НАБОР «УМНЫЙ ДОМ» SAVER SHW-1,11 390 руб
Релейный стабилизатор напряжения SUNTEK 11000 ВА,12 495 руб
Стабилизатор напряжения однофазный SUNTEK СНЭТ-11000,12 495 руб
Стабилизатор напряжения SUNTEK 5000 ВА ЭМ,13 550 руб
Стабилизатор напряжения однофазный Энергия Voltron 10000,14 096 руб
Стабилизатор напряжения релейный RUCELF SRW-12000-D,14 113 руб
Стабилизатор напряжения однофазный Энергия Voltron PCH-10000,14 500 руб
"СТОЙКА 9-36 LIDER С РУЧНЫМ БАЙПАСОМ ТРЕХФАЗНЫЕ (380 В) - СТОЙКИ К ТРЕХФАЗНЫМ СТАБИЛИЗАТОРАМ СЕРИИ W; W-SD, SQ И SQ-C",14 900 руб
Стабилизатор напряжения однофазный TDM ЕLECTRIC ССР1-1-10,14 929 руб
Стабилизатор напряжения RUCELF SDF.II-9000-L,14 934 руб
Релейный стабилизатор напряжения SUNTEK 12500 ВА,14 950 руб
Стабилизатор напряжения однофазный Энергия Voltron 8000,15 100 руб
Стабилизатор напряжения однофазный Powerman AVS 20000D,15 500 руб
Стабилизатор напряжения RUCELF SDF.II-12000-L,16 593 руб
"СТОЙКА 9-36 LIDER (С РУЧНЫМ БАЙПАСОМ И КТВ) ТРЕХФАЗНЫЕ (380 В) - СТОЙКИ К ТРЕХФАЗНЫМ СТАБИЛИЗАТОРАМ СЕРИИ W; W-SD, SQ И SQ-C",17 200 руб
Стабилизатор напряжения однофазный SUNTEK 11000ВА-НН,17 220 руб
Стабилизатор напряжения однофазный SUNTEK СНЭТ-11000-ЭМ,17 242 руб
Стабилизатор напряжения RUCELF SRV-15000-D,17 265 руб
Стабилизатор Штиль ИнСтаб IS2500,17 700 руб
Стабилизатор напряжения SUNTEK 8500 ВА ЭМ,17 750 руб
 Стабилизатор напряжения однофазный TDM ЕLECTRIC СНС1-1-5,18 061 руб
Стабилизатор напряжения SUNTEK 11000 ВА ЭМ,18 795 руб
Релейный стабилизатор напряжения SUNTEK 16000 ВА,19 900 руб
стабилизатор напряжения rucelf sdw ii 12000 l,20 140 руб
Стабилизатор напряжения однофазный PS3000W-HOME,24 360 руб
"Инвертор SVC EP-3024, 3000ВА / 3000Вт, 220В, 48-54 Гц, 3 мс, чёрный, 468*224*212 мм",27 572 руб
"Инвертор SVC EP-2012, 2000ВА / 2000Вт, 220В, 48-54 Гц, 3 мс, чёрный, 468*224*212 мм",28 880 руб
Электромеханический стабилизатор SUNTEK 15000 ВА ЭМ,29 300 руб
Релейный стабилизатор напряжения SUNTEK 20000 ВА,29 900 руб
Стабилизатор напряжения однофазный Энергия Voltron 15000,31 300 руб
Стабилизатор напряжения тиристорный (симисторный) SUNTEK ТТ 8000 ВА 130-270 Вольт,32 000 руб
"Стабилизатор SVC-15KVA, 12000Вт, 220В, 45-60 Гц, 423*385*810 мм",32 560 руб
Стабилизатор напряжения  тиристорный (симисторный)  SUNTEK ТТ 10000 ВА 130-270 Вольт,37 000 руб
Однофазный стабилизатор напряжения Ortea SAVER 7-10/40,38 000 руб
Однофазный стабилизатор переменного напряжения Штиль инверторный IS1106RT,38 350 руб
"Инвертор SVC EP-4048, 4000ВА / 4000Вт, 220В, 48-54 Гц, 3 мс, чёрный, 644*224*212 мм",38 503 руб
Ortea Vega 1-15/20. Стабилизатор напряжения однофазный,39 610 руб
Стабилизатор напряжения однофазный  Каскад СН-О-4000,39 900 руб
Электромеханический стабилизатор SUNTEK 20000 ВА ЭМ,40 900 руб
Трехфазный стабилизатор напряжения SUNTEK СНТ 15000 ВА,40 950 руб
Стабилизатор напряжения симисторный (тиристорный)  SUNTEK ТТ 12000 ВА 130-270 Вольт,41 000 руб
Стабилизатор напряжения RUCELF SDV-3-20000 20 кВт 280В 430В 630x600x960 380 Вольт (3 фазы) 100кг,42 405 руб
"Инвертор SVC EP-6048, 6000ВА / 6000Вт, 220В, 48-54 Гц, 3 мс, чёрный, 644*224*212 мм",42 546 руб
КОМПЬЮТЕРНЫЙ ИНТЕРФЕЙС NPORT-4 ОДНА / ТРИ ФАЗЫ Лидер,42 790 руб
Стабилизатор напряжения однофазный  Каскад СН-О-5,42 900 руб
Однофазный стабилизатор напряжения Ortea SAVER 10-10/40,43 900 руб
Ortea Atlas 5-10/20. Стабилизатор напряжения однофазный,44 344 руб
Стабилизатор напряжения  тиристорный (симисторный)  SUNTEK ТТ 10000 НН пониженного напряжения 85-265 Вольт,45 350 руб
Стабилизатор напряжения однофазный  Каскад СН-О-7,45 900 руб
Однофазный стабилизатор переменного напряжения Штиль инверторный IS1108RT,46 728 руб
"Ortea Vega 2,5-15/20. Стабилизатор напряжения однофазный",47 393 руб
"Стабилизатор переменного напряжения ""Штиль"" инверторный ИнСтаб IS10000 1ф. 10000 ВА / 8000 Вт",47 400 руб
Стабилизатор напряжения однофазный  Каскад СН-О-10,49 000 руб
Стабилизатор напряжения тиристорный (симисторный) SUNTEK ТТ 15000 ВА 130-270 Вольт,49 600 руб
Электромеханический стабилизатор SUNTEK 30000 ВА ЭМ,53 600 руб
Трехфазный стабилизатор напряжения SUNTEK СНТ 20000 ВА,54 600 руб
Однофазный стабилизатор напряжения Ortea SAVER 15-10/40,55 000 руб
"Стабилизатор переменного напряжения ""Штиль"" инверторный ИнСтаб IS12000 1ф. 12000 ВА / 10000 Вт",56 940 руб
Однофазный стабилизатор переменного напряжения Штиль инверторный IS1110RT,57 230 руб
Трехфазный стабилизатор переменного напряжения Штиль инверторный IS3306RT,57 230 руб
Ortea Atlas 10-10/20. Стабилизатор напряжения однофазный,59 117 руб
Стабилизатор напряжения тиристорный (симисторный) SUNTEK ТТ 15000 НН пониженного напряжения 85-265 Вольт,59 900 руб
Трехфазный стабилизатор напряжения SUNTEK СНТ 30000 ВА,60 090 руб
Стабилизатор напряжения симисторный (тиристорный)  SUNTEK ТТ 20000 ВА 130-270 Вольт,64 800 руб
Ortea Atlas 15-10/20. Стабилизатор напряжения однофазный,67 320 руб
Трехфазный стабилизатор переменного напряжения Штиль инверторный IS3310RT,69 390 руб
КОМПЬЮТЕРНЫЙ ИНТЕРФЕЙС NPORT-8 ОДНА / ТРИ ФАЗЫ Лидер,69 630 руб
Ortea Atlas 7-10/20. Стабилизатор напряжения однофазный,72 403 руб
Ortea Vega 5-15 / 4-20. Стабилизатор напряжения однофазный,75 109 руб
Ortea Vega 7-15 / 5-20. Стабилизатор напряжения однофазный,79 500 руб
Стабилизатор напряжения симисторный (тиристорный)  SUNTEK ТТ 20000 НН пониженного напряжения от 85 до 265 Вольт,79 900 руб
Однофазный стабилизатор переменного напряжения Штиль инверторный IS1115RT,83 190 руб
Ortea Vega 10-15 / 7-20. Стабилизатор напряжения однофазный,94 100 руб
Трехфазный стабилизатор переменного напряжения Штиль инверторный IS3120RT,110 448 руб
Трехфазный стабилизатор переменного напряжения Штиль инверторный IS3315RT,110 920 руб
Ortea Vega 15-15 / 10-20. Стабилизатор напряжения однофазный,111 500 руб
Ortea Atlas 20-10/20. Стабилизатор напряжения однофазный,117 655 руб
Трехфазный стабилизатор переменного напряжения Штиль инверторный IS3320RT,129 490 руб
Ortea Vega 20-15 / 15-20. Стабилизатор напряжения однофазный,176 000 руб
Ortea GEMINI 20-15 / 15-20. Стабилизатор напряжения однофазный,213 255 руб
Ortea Vega 25-15 / 20-20. Стабилизатор напряжения однофазный,223 410 руб
Трехфазный стабилизатор напряжения СТС-5-16-380-С-УХЛ1,236 917 руб
Ortea Orion 15-15 / 10-20. Стабилизатор напряжения трехфазный,241 012 руб
Ortea Orion 20-15 / 15-20. Стабилизатор напряжения трехфазный,274 626 руб
Ortea Orion 10-15/20. Стабилизатор напряжения трехфазный,276 922 руб
Трехфазный стабилизатор напряжения СТС-5-25-380-С-УХЛ1,307 352 руб
Ortea Orion 30-15 / 20-20. Стабилизатор напряжения трехфазный,319 302 руб
Трехфазный стабилизатор напряжения СТС-5-40-380-С-УХЛ1,429 012 руб
Ortea Orion 45-15 / 30-20. Стабилизатор напряжения трехфазный,514 937 руб
Ortea Orion 60-15 / 45-20. Стабилизатор напряжения трехфазный,650 692 руб
Ortea Orion 80-15 / 60-20. Стабилизатор напряжения трехфазный,820 876 руб
Ortea Orion 105-15 / 80-20. Стабилизатор напряжения трехфазный,993 673 руб
Ortea Orion 135-15 / 105-20. Стабилизатор напряжения трехфазный,1 060 664 руб
Ortea Orion 200-15 / 150-20. Стабилизатор напряжения трехфазный,1 885 179 руб
Ortea Orion 250-15 / 175-20. Стабилизатор напряжения трехфазный,2 039 035 руб
Ortea Orion Plus 320-15 / 250-20. Стабилизатор напряжения трехфазный,2 334 058 руб
Ortea Orion Plus 400-15 / 300-20. Стабилизатор напряжения трехфазный,2 588 401 руб
Ortea Orion Plus 500-15 / 400-20. Стабилизатор напряжения трехфазный,2 782 097 руб
Ortea Orion Plus 630-15 / 500-20. Стабилизатор напряжения трехфазный,3 335 941 руб
Ortea Orion Plus 800-15 / 630-20. Стабилизатор напряжения трехфазный,3 974 038 руб
Ortea Orion Plus 1000-15 / 800-20. Стабилизатор напряжения трехфазный,4 489 814 руб
Ortea Orion Plus 1250-15 / 1000-20. Стабилизатор напряжения трехфазный,5 629 319 руб
Ortea SIRIUS 1600-15 / 1250-20. Стабилизатор напряжения трехфазный,7 982 411 руб
Ortea SIRIUS 2000-15 / 1600-20. Стабилизатор напряжения трехфазный,8 751 691 руб
Ortea SIRIUS 2500-15. Стабилизатор напряжения трехфазный,12 263 227 руб
Ortea SIRIUS 5000-10. Стабилизатор напряжения трехфазный,13 213 514 руб
Ortea SIRIUS 3200-15. Стабилизатор напряжения трехфазный,13 249 716 руб
Ortea SIRIUS 4000-15. Стабилизатор напряжения трехфазный,17 979 411 руб
