Плинтус потолочный П01 50/50 ,2 380 руб
Плинтус потолочный лайт А50,2 400 руб
Плинтус потолочный Лайт А60,2 400 руб
Плинтус потолочный ДП 45-170,2 431 руб
Плинтус потолочный Лайт Б35,2 520 руб
Плинтус потолочный Лайт Б50,2 860 руб
Плинтус потолочный Лайт А80,2 900 руб
Плинтус потолочный П01 60/60 ,3 180 руб
Плинтус потолочный ДП 41-110,4 120 руб
Плинтус потолочный ДП 43-110,4 120 руб
Плинтус напольный Н-100,4 152 руб
Плинтус потолочный ДП 40-100,4 234 руб
Плинтус напольный Н-120,4 272 руб
Плинтус потолочный ДП 42-110,4 326 руб
Плинтус потолочный П01 110/110,4 410 руб
Плинтус напольный Н-70,4 500 руб
Молдинг М-70,4 860 руб
Молдинг М-50,4 884 руб
Плинтус потолочный ДП 37-120,5 320 руб
Плинтус потолочный ДП 39-90,5 460 руб
Молдинг М-60,6 060 руб
Молдинг М-80,6 394 руб
Молдинг М-40,6 600 руб
Плинтус потолочный П01 95/95 ,6 960 руб
Плинтус потолочный ДП 38-80,6 960 руб
Плинтус потолочный П01 80/80 ,7 280 руб
