Мембранный расширительный бак для водоснабжения Эван WATV-12,1 280 руб
Теплоноситель Thermagent Технология уюта ЭКО - 30°С 10 кг,1 285 руб
Теплоноситель Thermagent - 65°С 10 кг,1 300 руб
Мембранный расширительный бак Эван HIT-18,1 360 руб
Мембранный расширительный бак Эван HIT-12,1 365 руб
Жидкость для промывки теплообменника STEELTEX® COOPER  5 кг,1 390 руб
Теплоноситель Thermagent ЭКО - 30°С 10 кг,1 440 руб
Реагент для промывки систем отопления  HeatGUARDEX CLEANER 800R,1 451 руб
"Теплоноситель DIXIS 65, 20л",1 475 руб
Мембранный расширительный бак для водоснабжения Эван WATV-24,1 550 руб
Мембранный расширительный бак для водоснабжения Эван WATV-18,1 580 руб
Мембранный расширительный бак Эван HIT-24,1 590 руб
Теплоноситель Thermagent - 30°С 20 кг,1 600 руб
Теплоносители HotPoint 30 20 кг,1 640 руб
Реагент для промывки систем отопления  HeatGUARDEX CLEANER 802R,1 645 руб
Мембранный расширительный бак для водоснабжения Эван WATH-24,1 690 руб
Теплоносители HotPoint Ecologica 30 20 кг,1 720 руб
Жидкость для защиты систем отопления HeatGuardex® PROTECTOR 601 F ,1 840 руб
Жидкость для защиты систем отопления HeatGuardex® PROTECTOR 621 F ,1 840 руб
Теплоносители HotPoint 65 20 кг,1 860 руб
Жидкость для нейтрализации STEELTEX ® NEUTRALIZER 10 кг. ,1 860 руб
Утилизатор использованных реагентов STEELTEX® UTILIZER 10 кг,1 860 руб
"Теплоноситель DIXIS 65, 30л",1 875 руб
Теплоноситель Warme  Eco 30 20 кг,1 890 руб
Теплоноситель HotPoint 30 ULTIMATE 20 кг,1 900 руб
Теплоноситель  HeatGUARDEX 40 (20 кг),1 960 руб
Теплоноситель Warme Basic-65 20 кг,1 995 руб
Реагент для промывки систем отопления  HeatGUARDEX CLEANER 804R,1 997 руб
Жидкость для промывки теплообменника X-Pump NEUTRAL,2 020 руб
Теплоноситель  HeatGUARDEX 20 ECO (20 кг),2 040 руб
Теплоноситель DIXIS-TOP 20л.,2 060 руб
Жидкость для защиты систем отопления HeatGuardex® PROTECTOR 603 F ,2 109 руб
Жидкость для промывки теплообменника STEELTEX® IRON 10 кг,2 110 руб
Жидкость для промывки теплообменника X-Pump SEMIMETAL,2 110 руб
Жидкость для промывки теплообменника STEELTEX® INOX  5 кг,2 180 руб
Теплоноситель  HeatGUARDEX 65 (20 кг),2 210 руб
Теплоноситель HotPoint 65 ULTIMATE 20 кг,2 210 руб
Реагент для промывки систем отопления HeatGUARDEX CLEANER 806R,2 228 руб
Теплоноситель  HeatGUARDEX 30 ECO (20 кг),2 240 руб
Теплоноситель HotPoint 30 ULTIMATE ECO 20 кг,2 240 руб
Жидкость для промывки систем отопления X-Pump PROTECT,2 295 руб
Теплоноситель Thermagent Технология уюта - 65°С 20 кг,2 350 руб
Теплоноситель Warme Eco Pro 30 20 кг,2 415 руб
Жидкость для промывки теплообменника STEELTEX® COOPER  10 кг,2 430 руб
Мембранный расширительный бак для водоснабжения Эван WATV-35,2 525 руб
Мембранный расширительный бак Эван HIT-35,2 550 руб
Теплоноситель Thermagent Технология уюта ЭКО - 30°С 20 кг,2 560 руб
Теплоноситель Thermagent - 65°С 20 кг,2 585 руб
Жидкость для промывки систем отопления X-Pump AQUA,2 780 руб
Теплоноситель Thermagent ЭКО 30 °С 20 кг,2 880 руб
Мембранный расширительный бак Эван HIT-50,3 170 руб
Жидкость для нейтрализации STEELTEX ® NEUTRALIZER 20 кг. ,3 225 руб
Утилизатор использованных реагентов STEELTEX® UTILIZER 20 кг,3 325 руб
Герметизатор протечек систем отопления HeatGUARDEX BLOCKSEAL 100 HD,3 665 руб
Герметизатор протечек систем отопления HeatGUARDEX BLOCKSEAL 104 HD,3 665 руб
Герметизатор протечек систем отопления HeatGUARDEX BLOCKSEAL 120 HD,3 665 руб
Герметизатор протечек систем отопления HeatGUARDEX BLOCKSEAL 124 HD,3 665 руб
Жидкость для промывки теплообменника STEELTEX® IRON 20 кг,3 690 руб
Жидкость для промывки теплообменника STEELTEX® INOX  10 кг,3 750 руб
Жидкость для промывки теплообменника X-Pump PLURIMETAL,3 750 руб
Теплоноситель Warme Basic-65 48 кг,3 870 руб
Моющее средство Thermonet FUMI 10кг,4 144 руб
Теплоносители HotPoint 30 50 кг,4 200 руб
Мембранный расширительный бак Эван HIT-80,4 210 руб
Жидкость для промывки теплообменника STEELTEX® IRON IT / STEELTEX® 10 кг,4 292 руб
Жидкость для промывки теплообменника STEELTEX® COOPER  20 кг,4 350 руб
Теплоносители HotPoint Ecologica 30 50 кг,4 400 руб
Мембранный расширительный бак для водоснабжения Эван WATV-50,4 440 руб
Мембранный расширительный бак для водоснабжения Эван WATH-50,4 460 руб
Теплоноситель Warme  Eco 30 48 кг,4 475 руб
Теплоносители HotPoint 65 50 кг,4 750 руб
Теплоноситель HotPoint 30 ULTIMATE 50 кг,4 850 руб
Универсальный порошок STEELTEX® ZINC  IT / ZINCOTEX 5 kg,4 900 руб
Теплоноситель  HeatGUARDEX 40 (50 кг),5 000 руб
Теплоноситель  HeatGUARDEX 20 ECO (50 кг),5 200 руб
Мембранный расширительный бак для водоснабжения Эван WATH-80,5 600 руб
Теплоноситель  HeatGUARDEX 65 (50 кг),5 625 руб
Теплоноситель HotPoint 65 ULTIMATE 50 кг,5 625 руб
Мембранный расширительный бак для водоснабжения Эван WATV-80,5 650 руб
Теплоноситель  HeatGUARDEX 30 ECO (50 кг),5 700 руб
Теплоноситель HotPoint 30 ULTIMATE ECO 50 кг,5 700 руб
"Электр. проточный водонагреватель  в комплекте  со сместителем Kospel EPS2-3,5",5 700 руб
"Электр. проточный водонагреватель  в комплекте  со сместителем Kospel EPS2-4,4",5 700 руб
Теплоноситель Warme Eco Pro 30 48 кг,5 805 руб
Мембранный расширительный бак Эван HIT-100,5 850 руб
"Электр. проточный водонагреватель  в комплекте  со сместителем Kospel EPS2-5,5",6 000 руб
Жидкость для промывки теплообменника STEELTEX® INOX  20 кг,6 450 руб
Теплоинформатор TEPLOCOM GSM,6 490 руб
GSM модуль Интоис,6 500 руб
Реагент для промывки систем отопления HeatGUARDEX CLEANER 820R,6 956 руб
Реагент для промывки систем отопления HeatGUARDEX CLEANER 822R,6 956 руб
Реагент для промывки систем отопления HeatGUARDEX CLEANER 824R,6 956 руб
Реагент для промывки систем отопления HeatGUARDEX CLEANER 826R,6 956 руб
Магнитно-механический фильтр PUMP ELIMINATE Magnatech ,6 998 руб
Электрокотел ЭВАН С1-3,7 000 руб
Мембранный расширительный бак для водоснабжения Эван WATV-100,7 500 руб
Мембранный расширительный бак для водоснабжения Эван WATH-100,7 670 руб
"Электрический котел ЭВАН ЭПО-2,5",7 800 руб
"Электр. проточный водонагреватель  в комплекте  со сместителем Kospel EPS2-4,4P",8 000 руб
"Электр. проточный водонагреватель  в комплекте  со сместителем Kospel EPS2-5,5P",8 000 руб
Электрический проточный водонагреватель Kospel EPO2-3,8 100 руб
Электрический проточный водонагреватель Kospel EPO2-4,8 100 руб
Электрический проточный водонагреватель Kospel EPO2-5,8 100 руб
Электрический проточный водонагреватель Kospel EPO2-6,8 100 руб
Жидкость для промывки систем отопления X-Pump GLYCOL,8 864 руб
Мембранный расширительный бак Эван HIT-150,8 880 руб
Мембранный расширительный бак для водоснабжения Эван WATV-150,9 340 руб
Электрический котел ЭВАН ЭПО-4,9 360 руб
Электрокотел ЭВАН С2-3,9 650 руб
"Проточный электроводонагреватель ЭВАН ЭПВН-7,5",9 765 руб
Электрокотел ЭВАН С1-6,9 870 руб
Водонагреватель  Kospel EPO.D/G-4,10 100 руб
Водонагреватель  Kospel EPO.D/G-5,10 100 руб
Водонагреватель  Kospel EPO.D/G-6,10 100 руб
Электрокотел ЭВАН С2-4,10 200 руб
Водонагреватель накопительный электрический вертикальный TESY Base Line GCV 30 3512 B11 TSRP 1200W,10 793 руб
"Электрический котел ЭВАН С1-7,5(380V)",11 150 руб
Электрический котел ЭВАН ЭПО-6,11 460 руб
Мембранный расширительный бак для водоснабжения Эван WATH-150,11 800 руб
Водонагреватель накопительный электрический вертикальный TESY Base Line GCV 50 4420 B11 TSRP 1500W,12 250 руб
Водонагреватель накопительный электрический вертикальный TESY Base Line GCV 50 3520 B11 TSRP 1500W,12 264 руб
Электрический котел ЭВАН С1-5,12 400 руб
"Водонагреватель  Kospel EPJ 3,5 Optimus",12 400 руб
"Водонагреватель  Kospel EPJ 4,4 Optimus",12 400 руб
"Водонагреватель  Kospel EPJ 5,5 Optimus",12 400 руб
Бойлер Hajdu Z 30 E,12 459 руб
Проточный электроводонагреватель ЭВАН В1-6,12 495 руб
Электрический котел ЭВАН С2-5,12 650 руб
Бойлер Hajdu Z 50 EK,12 754 руб
Электрический котел Интоис One 3кВт,13 000 руб
Электрический котел Интоис One 4кВт,13 200 руб
Бойлер Hajdu Z 80 EK-1,13 346 руб
Электрический котел Интоис One 5кВт,13 500 руб
"Электрический проточный водонагреватель Kospel EPMH-8,0",13 500 руб
"Проточный электроводонагреватель ЭВАН ЭПВН-9,45",13 545 руб
"Электрический котел ЭВАН ЭПО-7,5(220v)",13 550 руб
"Электрический котел ЭВАН ЭПО-1-7,5(380v)",13 550 руб
"Проточный электроводонагреватель ЭВАН В1-7,5",13 775 руб
Электрический котел Интоис One 6кВт,14 000 руб
"Водонагреватель  Kospel EPJ.P 4,4 primus",14 000 руб
"Водонагреватель  Kospel EPJ.P 5,5 primus",14 000 руб
Мембранный расширительный бак Эван HIT-200,14 100 руб
Электрический котел ЭВАН С1-12,14 380 руб
Водонагреватель накопительный электрический вертикальный TESY Base Line GCV 80 4420 B11 TSRP 2000 W,14 429 руб
Водонагреватель накопительный электрический вертикальный TESY Base Line GCV 80 3520 B11 TSRP 2000 W,14 443 руб
Электрокотел ЭВАН С2-6,14 650 руб
"Электрический котел ЭВАН ЭПО-9,45(220v)",14 880 руб
"Электрический котел ЭВАН ЭПО-9,45(380v)",14 880 руб
"Электрический котел Интоис One 7,5кВт (220v)",15 000 руб
"Электрический котел Интоис One 7,5кВт (380v)",15 000 руб
Проточный электроводонагреватель ЭВАН ЭПВН-12,15 015 руб
Электрический котел Интоис One 9кВт (220v),15 300 руб
Электрический котел Интоис One 9кВт (380v),15 300 руб
Проточный газовый водонагреватель Chaffoteaux Fluendo 11 CF P,15 395 руб
Водонагреватель накопительный электрический вертикальный TESY Base Line GCV 100 4420 B11 TSRP 2000W,15 418 руб
Мембранный расширительный бак для водоснабжения Эван WATV-200,15 550 руб
Бойлер Hajdu Z 120 EK-1,15 660 руб
Электрический котел ЭВАН С2-7 (220/380),15 700 руб
Электрический котел ЭВАН ЭПО-12,15 770 руб
"Электрический котел ЭВАН С1-7,5(220V)",16 200 руб
Водонагреватель накопительный комбинированный TESY  GCVS 804420 B11 TSRC (GCVS 804520 B11 TSR),16 585 руб
Проточный электроводонагреватель ЭВАН В1-9,16 590 руб
Комбинированный настенный бойлер с теплообменником и установленным эл. Тэном Parpol  MS 80,16 630 руб
Электрокотел ЭВАН Warmos-IV-5,17 200 руб
Бойлер Hajdu Z 150 EK-1,17 384 руб
Бойлер Hajdu ZV 80,17 395 руб
Проточный газовый водонагреватель Chaffoteaux Fluendo 14 CF P,17 541 руб
Проточный электроводонагреватель ЭВАН ЭПВН-15,17 555 руб
Электрический котел Интоис One 12кВт,17 710 руб
Электрический проточный водонагреватель Kospel PPH2 09,17 900 руб
Электрический проточный водонагреватель Kospel PPH2 12,17 900 руб
Бойлер Hajdu AQ IND FC 75 л настенный,17 980 руб
Мембранный расширительный бак Эван HIT-300,17 980 руб
Электрический котел на 9 кВт ЭВАН С1-9(220V),17 990 руб
Электрический котел на 9 кВт ЭВАН С1-9(380V),17 990 руб
Электрический котел на 9 кВт ЭВАН С2-9(220/380V),17 990 руб
Мембранный расширительный бак для водоснабжения Эван WATV-300,17 990 руб
Электрический котел ЭВАН ЭПО-15,18 220 руб
Проточный электроводонагреватель ЭВАН В1-12,18 585 руб
Электрический котел Интоис One 15кВт,19 500 руб
Водонагреватель  Kospel KDH 9 Luxus,19 500 руб
Электрический котел ЭВАН ЭПО-18,19 530 руб
Водонагреватель накопительный комбинированный TESY GCVS 1004420 B11 TSRC (GCVS 1004520 B11 TSR),19 584 руб
Бойлер Hajdu AQ IND FC 100 л настенный,19 690 руб
"Электрический котел ЭВАН Warmos-IV-7,5(220V)",19 880 руб
"Электрический котел ЭВАН Warmos-IV-7,5(380V)",19 880 руб
Водонагреватель  Kospel KDH 12 Luxus,19 900 руб
Водонагреватель  Kospel KDH 18 Luxus,19 900 руб
Водонагреватель  Kospel KDH 15 Luxus,19 900 руб
Комбинированный настенный бойлер с теплообменником и установленным эл. Тэном Parpol  MS 100,20 060 руб
Водонагреватель  Kospel KDH 21 Luxus,20 200 руб
Бойлер Hajdu ZV 120,20 377 руб
Водонагреватель  Kospel KDH 24 Luxus,20 900 руб
Электрический котел ЭВАН С2-12,20 980 руб
Электрический котел Интоис One 18кВт,21 000 руб
Водонагреватель накопительный комбинированный электрический вертикальный TESY GCV9S 150 44 20 B11 TSRCP,21 000 руб
"Электрокотел ЭВАН Warmos-IV-9,45",21 200 руб
Водонагреватель  косвенного нагрева Drazice OKC 100 NTR/Z,21 403 руб
Бойлер Hajdu ZV 150,21 619 руб
Бойлер комбинированного нагрева Tesy GCVS 1204420 B11 TSRCP (GCVS 1204520 A03 TSRP),21 665 руб
Накопительный водонагреватель косвенного нагрева Gorenje GV100,21 692 руб
Комбинированный настенный бойлер с теплообменником и установленным эл. Тэном Parpol  MS 120,21 710 руб
Электрический котел ЭВАН ЭПО-24,21 990 руб
Комбинированные настенные водонагреватели Tesy Modeco Ceramic GCV6S 804724D C21 TS2RCP,22 004 руб
Водонагреватель накопительный электрический вертикальный TESY Base Line GCV 120 4420 B11 TSRP 2000W,22 048 руб
Электрический проточный водонагреватель Kospel EPME-5.5-9.0,22 200 руб
Бойлер Hajdu AQ IND FC 150 л настенный,22 490 руб
Электрический котел Интоис One H 3кВт,22 550 руб
Электрический котел ЭВАН С1-15,22 700 руб
Проточный электроводонагреватель ЭВАН ЭПВН-18,22 700 руб
Бойлер Hajdu AQ IND SC 100 л напольный,22 890 руб
Электрический котел Интоис Optima 3кВт,22 900 руб
Электрический котел ЭВАН С2-15,22 900 руб
Накопительный водонагреватель косвенного нагрева Gorenje GV120,22 920 руб
"Водонагреватель накопительный вертикальный, навесной Gorenje GBK 100 LNB6",22 932 руб
"Водонагреватель накопительный вертикальный, навесной Gorenje GBK 100 RNB6",22 932 руб
Электрический котел Интоис One H 4кВт,23 100 руб
Электрический котел Интоис Optima 4кВт,23 600 руб
Проточный газовый водонагреватель Chaffoteaux Fluendo 11 CF E,23 606 руб
Электрический котел Интоис One H 5кВт,23 650 руб
Комбинированные настенные водонагреватели Tesy Modeco Ceramic GCV9S 1004724D C21 TS2RCP,23 757 руб
Водонагреватель  косвенного нагрева Drazice OKC 160 NTR/Z,23 925 руб
Электрический котел Интоис One H 6кВт,24 200 руб
Электрический котел ЭВАН С1-18,24 300 руб
Накопительный водонагреватель косвенного нагрева Gorenje GV150,24 346 руб
Электрический проточный водонагреватель Kospel PPE2-09/12/15,24 500 руб
Электрический проточный водонагреватель Kospel PPE2-18/21/24,24 500 руб
Электрический котел ЭВАН С2-18,24 550 руб
Электрический котел Интоис Optima 5кВт,24 700 руб
Проточный электроводонагреватель ЭВАН В1-15,24 885 руб
"Водонагреватель накопительный вертикальный, навесной Gorenje GBK 120 RNB6",25 000 руб
Водонагреватель  Kospel KDE 12 Bonus,25 000 руб
Водонагреватель  Kospel KDE 15 Bonus,25 000 руб
Водонагреватель  Kospel KDE 18 Bonus,25 000 руб
Водонагреватель  Kospel KDE 21 Bonus,25 000 руб
Водонагреватель  Kospel KDE 9 Bonus,25 000 руб
Бойлер Hajdu Z 200 E,25 066 руб
Проточный газовый водонагреватель Chaffoteaux Fluendo 14 CF E,25 192 руб
Электрический проточный водонагреватель Kospel PPE2-27,25 200 руб
Водонагреватель  косвенного нагрева Drazice OKC 200 NTR/Z,25 288 руб
Водонагреватель  Kospel KDE 24 Bonus,25 400 руб
Водонагреватель комбинированного и косвенного нагрева Nibe Classic Spiro OW-E 80.12.L,25 450 руб
Бойлер Hajdu AQ IND SC 150 л напольный,25 570 руб
Электрический котел Интоис Optima 6кВт,25 600 руб
Электрический котел ЭВАН С2-21,25 600 руб
Бойлер Hajdu AQ IND FC 200 л настенный,25 620 руб
"Электрический котел ЭВАН Warmos RX-3,75",25 660 руб
"Электрический котел Интоис Optima 7,5кВт",25 700 руб
Водонагреватель  Kospel KDE 27 Bonus,25 700 руб
Электрический котел Интоис Optima 9кВт,25 900 руб
Комбинированные настенные водонагреватели Tesy Modeco Ceramic GCV9S 1204724D C21 TS2RCP,26 093 руб
Водонагреватель накопительный комбинированный TESY GCVS 1504520 B11 TSRP (GCVS 1504420 B11 TSRCP),26 255 руб
"Напольный бойлер с теплообменником 42 кВт, с верхн. подключ. под газовый котел Parpol VSZ 120",26 390 руб
Установка для промывки теплообменников ПРОМЫВАТОР 18,26 490 руб
"Водонагреватель накопительный вертикальный, навесной Gorenje GBK 120 LNB6",26 530 руб
Бойлер косвенного нагрева с одним спиральным теплообменником GALMET TOWER 100,26 700 руб
"Электрический котел ЭВАН Warmos M-7,5(220V)",26 780 руб
"Электрический котел ЭВАН Warmos M-7,5(380V)",26 780 руб
Электрический котел ЭВАН С1-24,26 900 руб
"Электрический котел ЭВАН Warmos RX-4,7",26 950 руб
Комбинированный настенный бойлер с теплообменником и установленным эл. Тэном Parpol  MS 150,26 980 руб
Бойлер косвенного нагрева S-Tank Solar 150,27 151 руб
Электрический котел Эван Warmos-IV-12,27 250 руб
Водонагреватель накопительный электрический вертикальный с двумя змеевиками TESY GCV7/4S2 (L) 1004520 A03 TSRP (GCV7/4S2 1004420 B11 TSRP),27 356 руб
Проточный электроводонагреватель ЭВАН В1-18,27 650 руб
Водонагреватель  косвенного нагрева Drazice OKC 200 NTR,27 666 руб
Электрический котел ЭВАН С2-24,27 700 руб
"Электрический котел Интоис One H 7,5кВт (220/380v)",27 720 руб
"Электрический котел ЭВАН Warmos M-9,45",27 770 руб
Электрический котел ЭВАН Warmos-IV-15,27 770 руб
Электрический котел Интоис Optima 12кВт,27 800 руб
Проточный электроводонагреватель ЭВАН ЭПВН-24,27 860 руб
Накопительный водонагреватель косвенного нагрева Gorenje GV200,27 931 руб
Бойлер газовый Hajdu GB 80.2-02 (модификация без дымохода),28 550 руб
Бойлер Hajdu AQ IND SC 200 л напольный,28 750 руб
Электрический котел ЭВАН Warmos-IV-18,28 800 руб
Электрический котел ЭВАН Warmos RX-6,28 850 руб
Электрический котел ЭВАН ЭПО-30,28 880 руб
Электрический котел Интоис One H 9кВт (220/380v),28 930 руб
Буферные накопители Hajdu AQ PT 500 без изоляции,28 970 руб
Электрический котел Интоис Optima 15кВт,29 000 руб
Электрический котел Интоис Optima 18кВт,29 100 руб
Мембранный расширительный бак Эван HIT-500,29 100 руб
Водонагреватель накопительный электрический вертикальный с двумя змеевиками TESY GCV7/4S2 (L) 1204520 A03 TSRP (GCV7/4S 1204420 B11 TSRCP),29 192 руб
Электрический котел Интоис Optima H 3кВт,29 500 руб
Электрический котел Интоис One H 12кВт,29 500 руб
Бойлер газовый Hajdu GB 80.1(с дымоходом),29 530 руб
"Водонагреватель  косвенного нагрева Drazice OKCE 100 NTR/2,2 кВт",29 569 руб
"Электрический котел ЭВАН Warmos RX-7,5(220V)",29 650 руб
"Электрический котел ЭВАН Warmos RX-7,5(380V)",29 650 руб
Комбинированные настенные водонагреватели Tesy Modeco Ceramic GCV11SO 1504724D C21 TS2RCP,29 793 руб
Теплонакопитель Эван BU-100.8,29 857 руб
Бойлер Hajdu HR-T 30 120 л,29 970 руб
Мембранный расширительный бак для водоснабжения Эван WATV-500,30 400 руб
Бойлер газовый Hajdu GB 120.2-02 (модификация без дымохода),30 500 руб
Электрический котел Интоис Optima H 4кВт,30 500 руб
Электрический котел Интоис One H 15кВт,30 500 руб
Электрический котел ЭВАН Warmos-IV-24,30 560 руб
"Водонагреватель  косвенного нагрева Drazice OKCE 125 NTR/2,2 кВт",30 917 руб
Электрический котел Интоис One H 18кВт,31 000 руб
Бойлер косвенного нагрева с одним спиральным теплообменником GALMET TOWER 140,31 000 руб
Горелка дизельная SIME MACK 3,31 000 руб
"Электрический котел ЭВАН Warmos RX-9,45(220V)",31 330 руб
"Электрический котел ЭВАН Warmos RX-9,45(380V)",31 330 руб
"Водонагреватель накопительный вертикальный, навесной Gorenje GBK 150 LNB6",31 436 руб
"Водонагреватель накопительный вертикальный, навесной Gorenje GBK 150 RNB6",31 436 руб
Электрический котел Интоис Optima H 5кВт,31 500 руб
"Электрический котел Интоис One MK 7,5кВт (220v/380v)",31 500 руб
Бойлер косвенного нагрева Drazice OKC 200 NTRR,31 566 руб
Бойлер Hajdu HR-N 30 120 л,31 580 руб
Комбинированный настенный бойлер с теплообменником и установленным эл. Тэном Parpol  MS 200,31 790 руб
Твердотопливный котёл Эван Warmos TT-18,31 800 руб
Бойлер Hajdu HR-T 40 160 л,31 980 руб
Проточный электроводонагреватель ЭВАН В1-24,31 990 руб
Электрический котел Интоис One MK 9кВт (220v/380v),32 000 руб
Горелка дизельная SIME MACK 4,32 000 руб
Настенный газовый котел Sime METROPOLIS DGT 25 BF,32 000 руб
Настенный газовый котел Sime METROPOLIS DGT 25 OF,32 000 руб
Бойлер газовый Hajdu GB 120.1(с дымоходом),32 200 руб
Электрический котел ЭВАН С1-30,32 400 руб
Буферная емкость для нагревательной установки TESY V200 60 F40 P4,32 436 руб
Электрический котел ЭВАН С2-30,32 540 руб
Бойлер Hajdu HR-N 40 160 л,33 120 руб
Проточный электроводонагреватель ЭВАН ЭПВН-30,33 220 руб
Электрический котел ЭВАН Warmos M-12,33 330 руб
Бойлер косвенного нагрева с одним змеевиком TESY EV9S 160 60 F39TP,33 354 руб
"Водонагреватель  косвенного нагрева Drazice OKCE 160 NTR/2,2 кВт",33 373 руб
Электрический котёл Kospel EKCO.A-04,33 500 руб
Электрический котёл Kospel EKCO.A-06,33 500 руб
Электрический котёл Kospel EKCO.A-08,33 500 руб
Электрический котёл Kospel EKCO.A-12,33 500 руб
"Водонагреватель накопительный вертикальный, навесной Gorenje GBK 200 RNB6",33 944 руб
Водонагреватель накопительный электрический вертикальный с двумя змеевиками TESY GCV7/4S2 (L) 1504520 A03 TSRP (GCV7/4S 1504420 B11 TSRCP),34 211 руб
Твердотопливный котёл Эван Warmos TT-25,34 400 руб
Электрический котел Интоис Optima H 6кВт,34 500 руб
Настенный газовый котел Bosch Gaz 4000 W ZWA 24-2 K,34 642 руб
Буферные накопители Hajdu AQ PT 750 без изоляции,34 650 руб
Бойлер Hajdu STA 200 C,34 970 руб
Буферная емкость S-Tank AT-300,34 988 руб
Водонагреватель накопительный электрический напольный вертикальный TESY EV 200 60 F40 TP3,35 068 руб
"Электрический котел Интоис Optima H 7,5кВт",35 500 руб
Твердотопливный котёл Эван Warmos TT-18 К,35 600 руб
"Напольный бойлер с теплообменником 42 кВт, с верхн. подключ. под газовый котел Parpol VSZ 150",35 620 руб
Бойлер косвенного нагрева S-Tank Solar 200,35 642 руб
Электрический котел Интоис Optima 21кВт,35 700 руб
Электрический котел Интоис Optima H 9кВт,35 750 руб
Электрический котел ЭВАН Warmos M-15,35 890 руб
Буферные накопители Hajdu AQ PT 500 C без изоляции,35 960 руб
Буферные накопители Hajdu AQ PT 1000 без изоляции,35 970 руб
Электрический напольный водонагреватель с фланцем (эл. Тэн опционально) Parpol V 200,36 090 руб
"Водонагреватель  косвенного нагрева Drazice OKCE 200 NTR/2,2 кВт",36 148 руб
Электрический котел Интоис Optima 24кВт,36 300 руб
Электрический котел Интоис Optima H 12кВт,36 500 руб
Электрический котел ЭВАН Warmos M-18,36 600 руб
Электрический котел Интоис Optima H 15кВт,36 600 руб
Электрический котел ЭВАН Warmos RX-12,36 640 руб
Электрический котел Интоис Optima H 18кВт,36 700 руб
Бойлер косвенного нагрева с одним змеевиком TESY EV9S 200 60 F40TP,36 781 руб
Бойлер газовый Hajdu GB 150.1(с дымоходом),36 820 руб
Твердотопливный котёл Эван Warmos TT-25 К,36 850 руб
Электрический котел ЭВАН Warmos-IV-30,36 960 руб
Настенный газовый котел Sime BRAVA ONE 25 BF,37 000 руб
Настенный газовый котел Sime BRAVA ONE 25 OF,37 000 руб
Настенный газовый котел Sime BRAVA Slim 25 BF,37 500 руб
Электрический  котел Protherm Скат 6KR 13,37 600 руб
Электрический котел ЭВАН Warmos M-24,37 770 руб
Электрический котел Интоис Optima 27кВт,38 000 руб
Электрический котёл Kospel EKCO.R2 12,38 000 руб
Электрический котёл Kospel EKCO.R2 15,38 000 руб
Электрический котёл Kospel EKCO.R2 4,38 000 руб
Электрический котёл Kospel EKCO.R2 6,38 000 руб
Электрический котёл Kospel EKCO.R2 8,38 000 руб
Электрический котел ЭВАН Warmos RX-15,38 550 руб
Проточный электроводонагреватель ЭВАН В1-30,38 600 руб
Электрический  котел Protherm Скат 9KR 13,38 600 руб
Настенный газовый котел Bosch Gaz 6000 W WBN 6000-18 С,38 715 руб
Водонагреватель  косвенного нагрева Austria Email HT 200 ER,39 000 руб
Настенный газовый котел Sime BRAVA Slim 30 BF,39 000 руб
Настенный газовый котел Sime FORMAT DGT 25 OF,39 000 руб
Бойлер косвенного нагрева с двумя теплообенниками TESY EV6/4S2 160 60,39 107 руб
Буферная емкость S-Tank AT-500,39 187 руб
Электрический  котел Protherm Скат 12KR 13,39 200 руб
Горелка дизельная SIME MACK 5,39 747 руб
Горелка дизельная SIME MACK 6,39 747 руб
Бойлер Hajdu STA 200 C2,39 870 руб
Бойлер Hajdu Z300TP,39 900 руб
Электрический котел Интоис Optima One MK 3кВт,39 900 руб
Электрический котел Интоис One MK 3кВт,39 940 руб
Электрический котёл Kospel EKCO.R2 21,40 000 руб
Настенный газовый котел Sime FORMAT DGT 25 BF,40 000 руб
Буферный накопитель Hajdu PT 300,40 027 руб
Настенный газовый котел Bosch Gaz 6000 W WBN 6000-24 С,40 427 руб
Электрический котел Интоис Optima One MK 4кВт,40 500 руб
Электрический котел Интоис One MK 4кВт,40 540 руб
Электрический котел Интоис Optima One MK 5кВт,40 700 руб
Электрический котел Интоис One MK 5кВт,40 750 руб
Электрический  котел Protherm Скат 14KR 13,40 800 руб
"Настенный электрокотёл  Vaillant eloBLOCK VE 6, 6 кВт, одноконтурный",40 800 руб
Настенный двухконтурный газовый котел Olical JLG 11,40 867 руб
Настенный двухконтурный газовый котел Olical JLG 18,40 867 руб
Электрический котёл Kospel EKCO.L2 12 z,41 000 руб
Электрический котёл Kospel EKCO.L2 15 z,41 000 руб
Электрический котёл Kospel EKCO.L2 4 z,41 000 руб
Электрический котёл Kospel EKCO.L2 6 z,41 000 руб
Электрический котёл Kospel EKCO.L2 8 z,41 000 руб
Электрический котёл Kospel EKCO.R2 24,41 000 руб
Настенный газовый котел Sime FORMAT DGT 30 BF,41 000 руб
Настенный газовый котел Sime METROPOLIS DGT 30 BF,41 000 руб
Электрический котел ЭВАН Warmos RX-18,41 200 руб
Водонагреватель  Kospel EPP 36,41 300 руб
Водонагреватель комбинированного и косвенного нагрева Nibe Mega W-E 100.81,41 520 руб
Бойлер Hajdu STA 300 C,41 590 руб
Настенный газовый котел Protherm Гепард 23MOV,41 800 руб
"Настенный электрокотёл  Vaillant eloBLOCK VE 9, 9 кВт, одноконтурный",41 800 руб
Электрический котел ЭВАН ЭПО-36,41 890 руб
Установка для промывки теплообменников PUMP ELIMINATE 10 V4V ,42 079 руб
Электрический котел Интоис Optima One MK 6кВт,42 400 руб
Электрический котел Интоис One MK 6кВт,42 440 руб
Бойлер косвенного нагрева S-Tank Solar Duo 200,42 453 руб
Бойлер косвенного нагрева с двумя теплообенниками TESY EV7/5S2 200 60,42 534 руб
Настенный двухконтурный газовый котел Olical JLG 24,42 639 руб
Электрический котел ЭВАН Warmos RX-21,42 640 руб
"Настенный электрокотёл  Vaillant eloBLOCK VE 12, 12 кВт, одноконтурный",42 800 руб
Электрический котел Интоис Optima 36кВт,43 000 руб
"Электрический котел Интоис Optima One MK 7,5кВт",43 000 руб
Буферные накопители Hajdu AQ PT 750 C без изоляции,43 390 руб
Электрический  котел Protherm Скат 18KR 13,43 400 руб
Электрический котел ЭВАН Warmos RX-24,43 450 руб
Электрический котел Интоис Optima One MK 9кВт,43 500 руб
Электрический котел ЭВАН ЭПО-42,43 630 руб
Настенный газовый котел Protherm Гепард 23MTV,43 800 руб
"Настенный электрокотёл  Vaillant eloBLOCK VE 14, 14 кВт, одноконтурный",43 800 руб
Электрический котёл Kospel EKCO.LN2 6,44 500 руб
Электрический котёл Kospel EKCO.LN2 12,44 500 руб
Электрический котёл Kospel EKCO.LN2 15,44 500 руб
Электрический котёл Kospel EKCO.LN2 18,44 500 руб
Электрический котёл Kospel EKCO.LN2 21,44 500 руб
Электрический котёл Kospel EKCO.LN2 24,44 500 руб
Электрический котёл Kospel EKCO.LN2 4,44 500 руб
Электрический котёл Kospel EKCO.LN2 8,44 500 руб
Электрический  котел Protherm Скат 21KR 13,44 500 руб
Бойлер косвенного нагрева S-Tank Solar 300,44 505 руб
Настенный газовый котел Buderus Logamax U044-24K,44 540 руб
Настенный газовый котел Buderus Logamax U072-18,44 608 руб
Настенный газовый котел Buderus Logamax U072-18K,44 608 руб
Электрический котел ЭВАН Warmos M-30,44 660 руб
Электрический котел Интоис Optima One MK 12кВт,44 700 руб
Электрический котел Интоис One MK 12кВт,44 720 руб
Электрический котел Интоис Optima One MK 15кВт,44 900 руб
Буферная емкость для нагревательной установки с одним теплообменником TESY V 200 9S 60 F40 P4 (V 9S 200 60 F40 P4),44 921 руб
Буферные накопители Hajdu AQ PT 1000 C без изоляции,44 930 руб
Электрический котел Интоис One MK 15кВт,44 930 руб
Бойлер косвенного нагрева S-Tank Solar Duo 300,44 972 руб
Электрический котёл Kospel EKCO.L2 18 z,45 000 руб
Настенный газовый котел Sime BRAVA ONE 30 BF,45 000 руб
Буферная емкость S-Tank AT-750,45 000 руб
Настенный газовый котел Buderus Logamax U072-12K,45 200 руб
Электрический котёл Kospel EKCO.R2 18,45 200 руб
Водонагреватель комбинированного и косвенного нагрева Nibe Mega W-E 125.81,45 252 руб
Настенный газовый двухконтурный котел Chaffoteaux Alixia 24 CF,45 345 руб
Настенный газовый двухконтурный котел Chaffoteaux Alixia 24 FF,45 345 руб
Электрический  котел Protherm Скат 24KR 13,45 500 руб
Горелка дизельная SIME MACK 7,45 792 руб
Настенный газовый котел Protherm Пантера 25KOO,45 900 руб
Настенный газовый одноконтурный котел Chaffoteaux PIGMA EVO SYSTEM 25 FF,45 919 руб
Настенный газовый одноконтурный котел Chaffoteaux PIGMA EVO SYSTEM 25 CF,45 991 руб
Электрический котёл Kospel EKCO.L2 21 z,46 000 руб
Электрический котел ЭВАН ЭПО-48,46 300 руб
Электрический котел Интоис Optima One MK 18кВт,46 500 руб
Электрический котел Интоис One MK 18кВт,46 520 руб
Буферная емкость для нагревательной установки TESY V 300 65 F41 P4,46 573 руб
Электрический котел Интоис Optima 45кВт,46 600 руб
Электрический  котел Protherm Скат 28KR 13,46 600 руб
Настенный газовый котел Buderus Logamax U072-24,46 716 руб
Настенный газовый котел Buderus Logamax U072-24K,46 716 руб
"Настенный электрокотёл  Vaillant eloBLOCK VE 18, 18 кВт, одноконтурный",46 800 руб
Электрический котёл Kospel EKCO.L2 24 z,47 000 руб
Водонагреватель комбинированного и косвенного нагрева Nibe Classic Spiro OW-E 80.12.P,47 118 руб
"Электроотопительный котел ЭВАН EXPERT 7,5",47 355 руб
Настенный газовый котел Protherm Пантера 25KTO,47 400 руб
Бойлер косвенного нагрева с одним змеевиком TESY EV12S 300 65 F41 TP ,47 491 руб
Электрический котел Интоис Optima H 21кВт,47 500 руб
Электрический котел ЭВАН Warmos RX-30,47 880 руб
Электрический котел Интоис Optima H 24кВт,48 000 руб
Настенный газовый одноконтурный котел Chaffoteaux PIGMA EVO SYSTEM 30 FF,48 051 руб
Электроотопительный котел ЭВАН EXPERT 9,48 300 руб
"Настенный электрокотёл  Vaillant eloBLOCK VE 21, 21 кВт, одноконтурный",48 300 руб
Электрический котел ЭВАН ЭПО-54,48 450 руб
Настенный газовый котел Protherm Пантера 25KOV,48 700 руб
Буферные накопители Hajdu AQ PT 500 C2 без изоляции,48 950 руб
Водонагреватель комбинированного и косвенного нагрева Nibe Mega W-E 150.81,49 450 руб
Водонагреватель  косвенного нагрева Austria Email DVT 6417,49 500 руб
"Настенный электрокотёл  Vaillant eloBLOCK VE 24, 24 кВт, одноконтурный",49 700 руб
Электроотопительный котел ЭВАН EXPERT 12,49 800 руб
Водонагреватель накопительный электрический напольный вертикальный TESY EV 300 65 F41 TP3,49 817 руб
Водонагреватель комбинированного и косвенного нагрева Nibe Classic Spiro OW-E 100.12.L,49 917 руб
Водонагреватель комбинированного и косвенного нагрева Nibe Classic Spiro OW-E 100.12.P,49 917 руб
Электрический котел Интоис Optima 54кВт,50 000 руб
Установка для промывки теплообменников PUMP ELIMINATE 20 V4V ,50 383 руб
Проточный электроводонагреватель ЭВАН ЭПВН-36,50 990 руб
Котел напольный чугунный под сменную горелку Sime Rondo 3 OF,51 000 руб
Бойлер Hajdu STA 300 C2,51 090 руб
Электроотопительный котел ЭВАН EXPERT 15,51 100 руб
"Настенный электрокотёл  Vaillant eloBLOCK VE 28, 28 кВт, одноконтурный",51 200 руб
Настенный газовый котел Protherm Пантера 25KTV,51 300 руб
Буферная емкость для нагревательной установки TESY V 500 75 F42 P4,51 653 руб
Электрический котел ЭВАН ЭПО-60,52 100 руб
Бойлер косвенного нагрева S-Tank Solar SS 150,52 249 руб
Электроотопительный котел ЭВАН EXPERT 18,52 300 руб
Водонагреватель комбинированного и косвенного нагрева Nibe Classic Spiro OW-E 120.12.L,52 716 руб
 Анаэробный клей-герметик для резьбовых соединений  QUICKSPASER 710,460 руб
 Анаэробный клей-герметик для резьбовых соединений  QUICKSPASER 716,470 руб
Анаэробный клей-герметик для резьбовых соединений  QUICKSPASER 728,470 руб
 Тиксотропный анаэробный клей-герметик для резьбовых соединений  QUICKSPASER 725,485 руб
Анаэробный клей-герметик для резьбовых соединений  QUICKSPASER 789,485 руб
Порошковый очиститель камер сгорания котла STEELTEX® EXTRA CALDAIE,590 руб
Активатор поверхности  QUICKSPACER 6001,680 руб
Очиститель и обезжириватель поверхности  QUICKSPACER 4001,690 руб
Реагент для наружной очистки теплообменников и горелок газовых котлов  SteelTEX THERMO SPRAY,730 руб
Теплоноситель Thermagent - 30°С 10 кг,800 руб
Теплоносители HotPoint 30 10 кг,820 руб
Теплоносители HotPoint Ecologica 30 10 кг,860 руб
Теплоносители HotPoint 65 10 кг,930 руб
Теплоноситель Warme  Eco 30 10 кг,945 руб
Теплоноситель HotPoint 30 ULTIMATE 10 кг,950 руб
Теплоноситель  HeatGUARDEX 40 (10 кг),980 руб
Теплоноситель Warme Basic-65 10 кг,998 руб
Реагент для устранения засоров в трубах и стоках  HeatGUARDEX Plumber 700 D,1 009 руб
Теплоноситель  HeatGUARDEX 20 ECO (10 кг),1 020 руб
Теплоноситель  HeatGUARDEX 65 (10 кг),1 105 руб
Теплоноситель HotPoint 65 ULTIMATE 10 кг,1 105 руб
Теплоноситель  HeatGUARDEX 30 ECO (10 кг),1 120 руб
Теплоноситель HotPoint 30 ULTIMATE ECO 10 кг,1 120 руб
Утилизатор использованных реагентов STEELTEX® UTILIZER 5 кг,1 120 руб
Жидкость для нейтрализации STEELTEX ® NEUTRALIZER 5 кг. ,1 120 руб
Мембранный расширительный бак для водоснабжения Эван WATV-8,1 170 руб
Теплоноситель Thermagent Технология уюта - 65°С 10 кг,1 185 руб
Жидкость для промывки теплообменника STEELTEX® IRON 5 кг,1 210 руб
Теплоноситель Warme Eco Pro 30 10 кг,1 210 руб
Мембранный расширительный бак Эван HIT-8,1 260 руб
Водонагреватель комбинированного и косвенного нагрева Nibe Classic Spiro OW-E 120.12.P,52 716 руб
Проточный электроводонагреватель ЭВАН ЭПВН-42,52 770 руб
Водонагреватель  косвенного нагрева Drazice OKC 300 NTR/1 МПа,52 835 руб
Газовая горелка ECOFLAM MAX GAS 40 P TC,52 996 руб
Водонагреватель комбинированного и косвенного нагрева Nibe Quattro W-E 60.7,53 182 руб
Бойлер косвенного нагрева для проточного нагрева ГВС через змеевик S-Tank HFWT-300,53 182 руб
Установка для промывки теплообменников X-PUMP 15 MR РУЧНОЙ РЕВЕРС,53 182 руб
"Электроотопительный котел ЭВАН EXPERT 22,5",53 990 руб
Теплонакопитель Эван BU-200.8,54 116 руб
Буферная емкость S-Tank AT-1000,54 582 руб
Буферная емкость для нагревательной установки с одним теплообменником TESY V 12S 300 65 F41 P4,54 958 руб
Напольный газовый  котел Protherm Медведь 20PLO,55 000 руб
Электроотопительный котел ЭВАН EXPERT 27,55 880 руб
Электрический настенный вертикальный водонагреватель Austria Email EKH-S-050 U,55 982 руб
Установка для промывки теплообменников PUMP ELIMINATE 25 V4V 	,55 982 руб
Бойлер косвенного нагрева для проточного нагрева ГВС через змеевик S-Tank HFWT DUO-300,55 982 руб
Установка для промывки теплообменников X-PUMP 15 SR реверс полуавтомат,55 982 руб
Настенный газовый одноконтурный котел Chaffoteaux PIGMA EVO SYSTEM 35 FF,56 012 руб
Настенный газовый котел Protherm Пантера 30KTV,56 400 руб
Настенный газовый котел Vaillant turboTEC plus VU INT 122-5 -H,56 700 руб
Проточный электроводонагреватель ЭВАН ЭПВН-48,56 900 руб
Установка для промывки теплообменников PUMP ELIMINATE 30 V4V ,56 915 руб
Электрический котёл Kospel EKCO.L2 36 z,57 000 руб
Котел напольный чугунный под сменную горелку Sime Rondo 4 OF,57 000 руб
Настенный газовый котел Vaillant atmoTEC pro VUW INT 240-3 -H,58 400 руб
Настенный газовый двухконтурный котел Chaffoteaux Pigma EVO 25 CF,58 477 руб
Настенный газовый котел Buderus Logamax U052-24K,58 480 руб
Водонагреватель  косвенного нагрева Austria Email HT 300 ER,58 500 руб
Твердотопливный котел SIME SOLIDA 3,58 500 руб
Водонагреватель комбинированного и косвенного нагрева Nibe Mega W-E 220.81,58 781 руб
Установка для промывки теплообменников X-PUMP 18 MR ручной реверс,58 781 руб
Буферные накопители Hajdu AQ PT 750 C2 без изоляции,58 790 руб
Газовая горелка ECOFLAM MAX GAS 70 P TC,58 967 руб
Водонагреватель Huch EnTEC EBS-PU 120,59 434 руб
Бойлер косвенного нагрева с двумя теплообенниками TESY EV10/7S2 300 65,59 976 руб
Водонагреватель комбинированного и косвенного нагрева Nibe Quattro W-E 100.74,60 647 руб
Настенный газовый котел Buderus Logamax U052-28K,60 860 руб
Настенный газовый котел Sime BRAVA Slim 40 BF,61 000 руб
Напольный газовый  котел Protherm Медведь 30PLO,61 100 руб
Электрический настенный вертикальный водонагреватель Austria Email EKH-S-080 U,61 113 руб
Бойлер косвенного нагрева для работы с тепловым насосом  S-Tank HP-ENAMEL 300,61 300 руб
Водонагреватель Huch EnTEC EBS-PU 150,61 393 руб
Проточный электроводонагреватель ЭВАН ЭПВН-54,61 440 руб
Водонагреватель комбинированного и косвенного нагрева Nibe Quattro W-E 100.7,61 580 руб
Установка для промывки теплообменников X-PUMP 18 SR реверс полуавтомат,61 580 руб
Бойлер DANFOSS WT-V 100,61 766 руб
Настенный газовый котел Vaillant atmoTEC plus VU INT 240-5 -H,61 800 руб
Настенный газовый котел Vaillant turboTEC plus VU INT 202-5 -H,61 900 руб
Настенный газовый котел Vaillant atmoTEC pro VUW INT 242-3 -H,62 500 руб
Бойлер косвенного нагрева для проточного нагрева ГВС через змеевик S-Tank HFWT-500,62 513 руб
Котел напольный чугунный под сменную горелку Sime Rondo 5 OF,63 000 руб
Водонагреватель Huch EnTEC EBS-PU 200,63 352 руб
Электрический настенный горизонтальный водонагреватель Austria Email EKL 080 U,63 446 руб
Буферная емкость для нагревательной установки с одним теплообменником TESY V 15S 500 75 F42 P5,63 954 руб
Бойлер косвенного нагрева S-Tank Solar SS 200,64 285 руб
Электрический настенный вертикальный водонагреватель Austria Email EKH-S-100 U,64 379 руб
Настенный газовый двухконтурный котел Chaffoteaux Pigma EVO 25 FF,64 421 руб
Электрический настенный горизонтальный водонагреватель Austria Email EKL 100 U,64 659 руб
Газовая горелка ECOFLAM MAX GAS 105 P TC,64 939 руб
Напольный газовый  котел Protherm Медведь 20TLO,65 300 руб
Водонагреватель накопительный электрический напольный вертикальный TESY EV 400 75 F41 TP3,65 300 руб
Бойлер косвенного нагрева для проточного нагрева ГВС через змеевик S-Tank HFWT DUO-500,65 312 руб
Настенный газовый котел Vaillant atmoTEC plus VUW INT 200-5 -H,66 100 руб
Настенный газовый котел Buderus Logamax U072-35,66 232 руб
Настенный газовый котел Buderus Logamax U072-35K,66 232 руб
Установка для промывки теплообменников PUMP ELIMINATE 27 Automatic,66 245 руб
Установка для промывки теплообменников X-PUMP 15 AR автореверс,66 245 руб
Бойлер DANFOSS WT-V 200,66 431 руб
Проточный электроводонагреватель ЭВАН ЭПВН-60,66 440 руб
Буферные накопители Hajdu AQ PT 1500 без изоляции,66 490 руб
Газовая горелка ECOFLAM MAX GAS 120 P TC,66 618 руб
Теплонакопитель Эван BU-300.8,66 711 руб
Буферная емкость S-Tank SS 300,66 711 руб
Котел напольный энергонезависимый SIME RX 19 CE IONO,67 000 руб
Настенный газовый двухконтурный котел Chaffoteaux Pigma EVO 30 CF,67 158 руб
Установка для промывки теплообменников PUMP ELIMINATE 40 V4V 	,67 178 руб
Установка для промывки систем отопления Pump Eliminate 35 FS,67 439 руб
Бойлер Hajdu STA 400 C,67 970 руб
Настенный газовый котел Vaillant turboTEC plus VU INT 242-5 -H,68 000 руб
Бойлер косвенного нагрева S-Tank Solar SS Duo 200,68 111 руб
Установка для промывки теплообменников X-PUMP 18 AR автореверс,68 111 руб
Буферные накопители Hajdu AQ PT 2000 без изоляции,68 550 руб
Настенный газовый котел Vaillant atmoTEC plus VU INT 280-5 -H,68 700 руб
Водонагреватель  косвенного нагрева Austria Email HT 300 ERR,69 000 руб
Котел напольный чугунный под сменную горелку Sime Rondo 6 OF,69 000 руб
Настенный газовый котел Vaillant turboTEC plus VUW INT 202-5 -H,69 600 руб
Электрический настенный горизонтальный водонагреватель Austria Email EKL 120 U,70 164 руб
Бойлер косвенного нагрева S-Tank Solar SS 300,70 164 руб
Твердотопливный котел SIME SOLIDA 4,70 500 руб
Твердотопливный котел Hajdu HVK 20,70 900 руб
Водонагреватель  косвенного нагрева Austria Email DVT 6427,71 000 руб
Настенный газовый котел Vaillant atmoTEC plus VUW INT 240-5 -H,71 200 руб
Буферная емкость для нагревательной установки TESY V 800 99 F43 P4,71 482 руб
Электрический котел Интоис Optima 70кВт,71 500 руб
Твердотопливный котел SIME SOLIDA 5,71 500 руб
Твердотопливный котел Hajdu HVK 30,71 600 руб
Бойлер косвенного нагрева для проточного нагрева ГВС через змеевик S-Tank HFWT-750,71 750 руб
Установка для промывки теплообменников PUMP ELIMINATE 45 V4V 	,71 843 руб
Котел напольный энергонезависимый SIME RX 26 CE IONO,72 000 руб
Настенный газовый двухконтурный котел Chaffoteaux Pigma EVO 30 FF,72 184 руб
Напольный газовый  котел Protherm Медведь 40PLO,72 200 руб
Электрический настенный вертикальный водонагреватель Austria Email EKH-S-150 U,72 403 руб
Водонагреватель  косвенного нагрева Austria Email HT 400 ER,72 500 руб
Водонагреватель комбинированного и косвенного нагрева Nibe Quattro OW-E 60.7,72 776 руб
Буферная емкость Huch EnTEC PS ECO 300,73 149 руб
Напольный газовый  котел Protherm Медведь 30TLO,73 500 руб
Буферная емкость для нагревательной установки TESY V 1000 99,73 562 руб
Установка для промывки теплообменников X-PUMP 32 MR ручной реверс,73 709 руб
Бойлер DANFOSS WT-V 300,73 896 руб
Настенный газовый двухконтурный котел Chaffoteaux Pigma EVO 35 FF,74 158 руб
Установка для наружной очистки теплообменников PUMP ELIMINATE 20 CF,74 176 руб
Водонагреватель комбинированного и косвенного нагрева Nibe Quattro W-E 150.74,74 176 руб
Водонагреватель накопительный электрический напольный вертикальный TESY EV 500 75 F42 TP3,74 419 руб
Настенный газовый котел Vaillant turboTEC plus VU INT 282-5 -H,74 600 руб
Котел напольный чугунный под сменную горелку Sime Rondo 7 OF,75 000 руб
Бойлер косвенного нагрева с двумя теплообенниками TESY EV11/5S2 400 75,75 215 руб
Электрический настенный горизонтальный водонагреватель Austria Email EKL 150 U,75 295 руб
Установка для промывки теплообменников PUMP ELIMINATE 47 Automatic,75 575 руб
Водонагреватель комбинированного и косвенного нагрева Nibe Quattro W-E 150.7,75 575 руб
Настенный газовый котел Vaillant turboTEC plus VUW INT 242-5 -H,75 600 руб
Твердотопливный котел SIME SOLIDA EV 3,76 000 руб
Настенный газовый конденсационный одноконтурный котел Chaffoteaux TALIA GREEN EVO SYSTEM 12 FF,76 049 руб
Установка для промывки теплообменников X-PUMP 32 SR реверс полуавтомат,76 508 руб
Водонагреватель Huch EnTEC ESS-PU 200,76 695 руб
Бойлер Hajdu STA 400 C2,76 760 руб
ЭВАН UNIVERSAL 60,76 980 руб
Электрический котел Интоис Optima 95кВт,77 000 руб
Бойлер косвенного нагрева S-Tank Solar SS Duo 300,77 441 руб
Бойлер косвенного нагрева для работы с тепловым насосом  S-Tank HP-ENAMEL 500,77 628 руб
Электрический котел ЭВАН ЭПО-72,77 700 руб
Твердотопливный котел SIME SOLIDA 6,78 500 руб
Настенный газовый котел Vaillant turboTEC plus VU INT 322-5 -H,78 500 руб
Настенный газовый конденсационный одноконтурный котел Chaffoteaux TALIA GREEN EVO SYSTEM 25 FF,78 579 руб
Твердотопливный котел Hajdu HVK 40,78 800 руб
Настенный газовый котел Vaillant atmoTEC plus VUW INT 280-5 -H,79 100 руб
Электрический настенный горизонтальный водонагреватель Austria Email EKL 200 U,79 214 руб
Буферная емкость Huch EnTEC PS ECO 500,79 307 руб
Буферная емкость S-Tank AT-1200,79 307 руб
Буферная емкость S-Tank AT-1500,79 307 руб
Бойлер косвенного нагрева S-Tank Solar 500,80 240 руб
Бойлер косвенного нагрева с одним змеевиком TESY EV15S 500 75 F42 TP,80 356 руб
Котел твердотопливный напольный VIADRUS Hercules U22C-2K,80 359 руб
Напольный газовый  котел Protherm Медведь 50PLO,80 500 руб
Установка для промывки теплообменников X-PUMP 32 AR автореверс,81 173 руб
Водонагреватель газовый American Water Heater Company G62-75T75-4NOV,81 200 руб
Водонагреватель комбинированного и косвенного нагрева Nibe Quattro OW-E 100.7,81 640 руб
Бойлер Hajdu STA 500 C,81 690 руб
Водонагреватель комбинированного и косвенного нагрева Nibe Mega W-E 220.82,82 106 руб
Установка для промывки теплообменников PUMP ELIMINATE  55 V4V 	,82 106 руб
Бойлер косвенного нагрева с двумя теплообенниками TESY EV15/7S2 500 75,82 192 руб
Бойлер косвенного нагрева для работы с тепловым насосом  S-Tank SS-HP 300,82 293 руб
Водонагреватель  косвенного нагрева Austria Email HT 400 ERR,82 500 руб
Водонагреватель Huch EnTEC EBS-PU 300,82 573 руб
Электрический котел ЭВАН ЭПО-84,83 200 руб
Буферная емкость для нагревательной установки с двумя теплообменниками TESY V 15S/7 S2 500 75 F42 P6,83 232 руб
Настенный газовый котел Vaillant turboTEC plus VUW INT 282-5 -H,83 300 руб
Водонагреватель  косвенного нагрева Austria Email HT 500 ER,83 500 руб
Напольный газовый  котел Protherm Медведь 40TLO,84 400 руб
Водонагреватель комбинированного и косвенного нагрева Nibe Quattro W-E 200.7,84 905 руб
Буферные накопители Haidu AQ PT 1000 C2 без изоляции,85 279 руб
Настенный газовый конденсационный одноконтурный котел Chaffoteaux TALIA GREEN EVO SYSTEM 30 FF,85 501 руб
Электрический настенный вертикальный водонагреватель Austria Email EKH-S-200 U,85 652 руб
Твердотопливный котел SIME SOLIDA 7,86 000 руб
Мембранный расширительный бак для водоснабжения Эван WATV-750,86 050 руб
Водонагреватель  косвенного нагрева Austria Email HT 500 ERR,86 500 руб
Буферные накопители Hajdu AQ PT 1500 C без изоляции,86 520 руб
Настенный газовый котел Vaillant ecoTEC plus VU INT IV 166/ 5-5 H,87 000 руб
Бойлер косвенного нагрева для проточного нагрева ГВС через змеевик S-Tank HFWT DUO-750,87 518 руб
Бойлер косвенного нагрева для проточного нагрева ГВС через змеевик S-Tank HFWT-1000,87 704 руб
Бойлер косвенного нагрева S-Tank Solar Duo 500,87 704 руб
Котел твердотопливный напольный VIADRUS Hercules U22C-3K,87 905 руб
Теплонакопитель Эван BU-500.8,88 637 руб
Напольный газовый  котел Protherm Медведь 60PLO,88 900 руб
Котел напольный энергонезависимый SIME RX 37 CE IONO,89 000 руб
Настенный газовый котел Vaillant turboTEC plus VU INT 362-5 -H,89 300 руб
Настенный газовый котел Vaillant ecoTEC pro VUW INT 236/5-3 H,89 600 руб
Бойлер Hajdu STA 500 C2,89 810 руб
Настенный газовый котел Vaillant turboTEC plus VUW INT 322-5 -H,92 000 руб
Буферные накопители Hajdu AQ PT 2000 C без изоляции,92 170 руб
Водонагреватель  косвенного нагрева Nibe VLM 220 KS,92 370 руб
Электрический настенный плоский водонагреватель Austria Email EKF 070 U,92 463 руб
Электрический котел ЭВАН ЭПО-96,92 750 руб
Электрический котел Kospel EKCO.T 30,93 000 руб
Твердотопливный котел SIME SOLIDA 8,93 000 руб
Водонагреватель комбинированного и косвенного нагрева Nibe Mega W-E 300.81,93 303 руб
Настенный газовый котел Baxi ECO Four 24 F,93 489 руб
Твердотопливный котел SIME SOLIDA EV 4,94 000 руб
Настенный газовый котел Vaillant ecoTEC plus VU INT IV 246/ 5-5 H,94 100 руб
Напольный газовый котёл Vaillant atmoVIT VK  INT 164/1-5,94 300 руб
Настенный газовый котел Vaillant ecoTEC pro VUW INT 286/5-3 H,94 600 руб
Буферная емкость S-Tank SS 500,94 889 руб
Электрический котел Kospel EKCO.T 36,95 000 руб
Котел напольный чугунный под сменную горелку Sime 1R 6 OF,95 000 руб
Настенный газовый конденсационный двухконтурный котел Chaffoteaux PIGMA EVO GREEN 30 FF,95 169 руб
Газовая горелка ECOFLAM MAX GAS 170 P TC,95 262 руб
Напольный газовый  котел Protherm Медведь 50TLO,95 300 руб
Котел твердотопливный напольный VIADRUS Hercules U22C-4K / U22D-4K,95 520 руб
Водонагреватель Huch EnTEC ESS-PU 300,95 915 руб
Настенный газовый конденсационный двухконтурный котел Chaffoteaux PIGMA EVO GREEN 25 FF,96 848 руб
Настенный газовый двухконтурный котел Chaffoteaux Niagara C 25 CF,97 520 руб
Газовая горелка ECOFLAM MAX GAS 170 P TL,97 781 руб
Буферная емкость S-Tank AT-2000,97 968 руб
Электрический котел Kospel EKCO.T 42,98 000 руб
Котел напольный энергонезависимый SIME RX 48 CE IONO,98 000 руб
Водонагреватель  косвенного нагрева Nibe VLM 300 KS,98 434 руб
Бойлер DANFOSS WT-V 500,98 901 руб
Настенный газовый котел Vaillant ecoTEC plus VU INT IV 306/ 5-5 H,99 200 руб
Буферная емкость Huch EnTEC PS ECO 800,99 461 руб
Бойлер косвенного нагрева S-Tank Solar SS 500,99 461 руб
Электрический котел ЭВАН ЭПО-108,99 580 руб
Настенный газовый котел Vaillant ecoTEC pro VUW INT 346/5-3 H,99 600 руб
Бойлер косвенного нагрева для проточного нагрева ГВС через змеевик S-Tank HFWT DUO-1000,99 834 руб
Электрический котел Kospel EKCO.T 48,100 000 руб
Настенный газовый котел Vaillant turboTEC plus VUW INT 362-5 -H,100 000 руб
Водонагреватель комбинированного и косвенного нагрева Nibe Quattro OW-E 150.7,100 114 руб
Водонагреватель комбинированного и косвенного нагрева Nibe Mega W-E 300.82,101 700 руб
Водонагреватель комбинированного и косвенного нагрева Nibe Mega W-E 400.81,101 700 руб
Котел напольный чугунный под сменную горелку Sime 1R 7 OF,102 000 руб
Мембранный расширительный бак Эван HIT-750,102 200 руб
Бойлер косвенного нагрева S-Tank Solar SS Duo 500,102 633 руб
Газовая горелка ECOFLAM MAX GAS 250 P TC,102 819 руб
Буферная емкость Huch EnTEC PS-GWT ECO 500,103 193 руб
Установка для промывки теплообменников PUMP ELIMINATE 130 V4V	,103 566 руб
Котел твердотопливный напольный VIADRUS Hercules U22C-5K / U22D-5K,103 678 руб
Настенный газовый двухконтурный котел Chaffoteaux Niagara C 25 FF,104 312 руб
Настенный газовый конденсационный двухконтурный котел Chaffoteaux PIGMA EVO GREEN 35 FF,104 312 руб
Буферный накопитель Hajdu PT 500 CF,104 500 руб
Буферная емкость Huch EnTEC PS ECO 1000,104 779 руб
Напольный газовый котёл Vaillant atmoVIT VK  INT 254/1-5,104 800 руб
Бойлер косвенного нагрева S-Tank Solar 750,104 965 руб
Буферная емкость для нагревательной установки TESY V 1500 120 F45 P4,105 203 руб
Газовая горелка ECOFLAM MAX GAS 250 P TL,105 432 руб
Водонагреватель Huch EnTEC EBS-PU 400,105 619 руб
Настенный газовый котел Vaillant ecoTEC plus VUW INT IV 246/ 5-5 H,106 000 руб
Настенный газовый котел Baxi LUNA-3 COMFORT 240 Fi,106 738 руб
Твердотопливный котел SIME SOLIDA EV 5,107 000 руб
Электрический котел ЭВАН ЭПО-120,107 780 руб
Настенный газовый котел Vaillant ecoTEC plus VU INT IV 346/ 5-5 H,108 600 руб
Водонагреватель комбинированного и косвенного нагрева Nibe Quattro OW-E 200.7,109 631 руб
Водонагреватель комбинированного и косвенного нагрева Nibe Mega W-E 400.82,110 097 руб
Бойлер Hajdu HB 300 c тепловым насосом,110 150 руб
Котел напольный энергонезависимый SIME RX 55 CE IONO,111 000 руб
Котел твердотопливный напольный VIADRUS Hercules U22C-6K / U22D-6K,111 361 руб
Бойлер косвенного нагрева для работы с тепловым насосом  S-Tank HP-ENAMEL 750,111 683 руб
Бойлер косвенного нагрева S-Tank Solar Duo 750,111 683 руб
Котел напольный чугунный под сменную горелку Sime 1R 8 OF,112 000 руб
Бойлер косвенного нагрева для работы с тепловым насосом  S-Tank SS-HP 500,112 150 руб
Установка для промывки теплообменников Pump Eliminate 80 FS,112 896 руб
Водонагреватель комбинированного и косвенного нагрева Nibe Mega W-E 500.81,113 363 руб
Бойлер Hajdu STA 800 С (без кожуха и изоляции),113 480 руб
Электрический настенный плоский водонагреватель Austria Email EKF 100 U,113 829 руб
Напольный газовый котёл Vaillant atmoVIT VK  INT 324/1-5,115 200 руб
Водонагреватель Huch EnTEC EBS-PU 500,115 229 руб
Водонагреватель Huch EnTEC ESS-PU 400,115 229 руб
Буферный накопитель Hajdu PT 750 CF,115 290 руб
Бойлер Hajdu HB 300 C c тепловым насосом,117 080 руб
Водонагреватель  косвенного нагрева Nibe VLM 220 KS EM,117 561 руб
Газовая горелка ECOFLAM MAX GAS 350 P TC,117 841 руб
Котел напольный твердотопливный Buderus Logano G221-20,119 000 руб
Буферный накопитель Hajdu PT 1000 CF,119 390 руб
Установка для промывки систем отопления Pump Eliminate 60 FS,119 427 руб
Твердотопливный котел SIME SOLIDA EV 6,120 000 руб
Котел твердотопливный напольный VIADRUS Hercules U22C-7K / U22D-7K,120 131 руб
Газовая горелка ECOFLAM MAX GAS 350 P TL,120 174 руб
Водонагреватель накопительный электрический напольный вертикальный TESY ЕV 800 99 F43 P4,120 258 руб
Универсальная установка для чистки теплообменников и систем отопления PUMP ELIMINATE 30 COMBI,120 360 руб
Электрический настенный плоский водонагреватель Austria Email EKF 120 U,120 640 руб
Установка для промывки теплообменников PUMP ELIMINATE 190 DISINCROSTANTE V4V	,121 293 руб
Настенный газовый котел Vaillant ecoTEC plus VU INT IV 386/ 5-5 H,121 900 руб
Буферные накопители Hajdu AQ PT 1500 C2 без изоляции,122 980 руб
Котел напольный чугунный под сменную горелку Sime 1R 9 OF,123 000 руб
Бойлер Hajdu STA 800 C2,123 080 руб
Буферная емкость для нагревательной установки TESY V 2000 130 F46 P4,123 502 руб
Водонагреватель комбинированного и косвенного нагрева Nibe Mega W-E 500.82,123 626 руб
Буферная емкость S-Tank SS 750,124 279 руб
Настенный газовый двухконтурный котел Chaffoteaux Niagara C 30 FF,125 959 руб
Бойлер косвенного нагрева S-Tank Solar SS 750,126 892 руб
Буферные накопители Hajdu AQ PT 2000 C2 без изоляции,127 090 руб
Бойлер косвенного нагрева с одним змеевиком TESY EV12S 800 99 F43 TP,127 418 руб
Котел твердотопливный напольный VIADRUS Hercules U22C-8K / U22D-8K,129 105 руб
Буферная емкость Huch EnTEC PS-GWT ECO 800,129 411 руб
Водонагреватель накопительный электрический напольный вертикальный TESY ЕV 1000 105 F44 P4,129 622 руб
Бойлер косвенного нагрева для работы с тепловым насосом  S-Tank HP-ENAMEL 1000,129 691 руб
Бойлер косвенного нагрева S-Tank Solar 1000,130 157 руб
Бойлер косвенного нагрева для проточного нагрева ГВС через змеевик S-Tank HFWT-1200,130 624 руб
Напольный газовый  котел Protherm Медведь 20KLZ,130 700 руб
Напольный газовый котёл Vaillant atmoVIT VK  INT 414/1-5,130 900 руб
Котел напольный твердотопливный Buderus Logano G221-25,131 000 руб
Бойлер косвенного нагрева с двумя теплообенниками TESY EV12/9S2 800 99 F43 TP2 ,132 314 руб
Проточный электроводонагреватель ЭВАН ЭПВН-72,132 600 руб
Электрический настенный плоский водонагреватель Austria Email EKF 150 U,132 676 руб
Буферная емкость для нагревательной установки с одним теплообменником TESY V 12S 800 99 F43 P5,133 416 руб
Твердотопливный котел SIME SOLIDA EV 7,134 000 руб
Водонагреватель Huch EnTEC ESS-PU 500,134 449 руб
Настенный газовый котел Vaillant ecoTEC plus VUW INT IV 346/ 5-5 H,134 600 руб
Водонагреватель  косвенного нагрева Nibe VLM 300 KS EM,135 009 руб
Бойлер Hajdu STA 1000 С (без кожуха и изоляции),135 400 руб
Буферная емкость Huch EnTEC PS-GWT ECO 1000,136 315 руб
Бойлер косвенного нагрева с одним змеевиком TESY EV 13S 1000 105 F44 TP,136 476 руб
Бойлер косвенного нагрева S-Tank Solar SS Duo 750,137 621 руб
Котел твердотопливный напольный VIADRUS Hercules U22C-9K / U22D-9K,138 011 руб
Настенный газовый котел Vaillant ecoTEC plus VUW INT IV 306/ 5-5 H,138 336 руб
Бойлер косвенного нагрева S-Tank Solar Duo 1000,138 554 руб
Напольный газовый  котел Protherm Медведь 30KLZ,139 000 руб
Мембранный расширительный бак для водоснабжения Эван WATV-1000,140 140 руб
Проточный электроводонагреватель ЭВАН ЭПВН-84,140 440 руб
Газовый котел с атмосферной горелкой Baxi SLIM 1.300 iN ,140 887 руб
Газовый низкотемпературный чугунный атмосферный котел Buderus Logano G124 WS-32,141 100 руб
Буферная емкость для нагревательной установки с двумя теплообменниками TESY V 12S/9 S2 800 99 F43 P6,143 269 руб
Буферная емкость S-Tank SS 1000,143 593 руб
Бойлер Hajdu STA 1000 C2,143 720 руб
Установка для промывки теплообменников PUMP ELIMINATE 230  DISINCROSTANTE V4V	,144 619 руб
Бойлер косвенного нагрева S-Tank Solar SS 1000,144 619 руб
Буферная емкость для нагревательной установки с одним теплообменником TESY V 15S 2000 130 F46 P5,145 350 руб
Бойлер косвенного нагрева для работы с тепловым насосом  S-Tank SS-HP 750,146 112 руб
Напольный газовый котёл Vaillant atmoVIT VK  INT 484/1-5,146 700 руб
Котел твердотопливный напольный VIADRUS Hercules U22C-10K / U22D-10K,147 189 руб
Напольный газовый  котел Protherm Медведь 40KLZ,147 900 руб
Водонагреватель  косвенного нагрева Austria Email VT 800 FRM,148 500 руб
Газовый низкотемпературный чугунный атмосферный котел Buderus Logano G234 WS-38,149 464 руб
Проточный электроводонагреватель ЭВАН ЭПВН-96,149 990 руб
Напольный атмосферный газовый котел SIME RMG 70 MK.II,151 000 руб
Универсальная установка для чистки теплообменников и систем отопления PUMP ELIMINATE 70 COMBI,151 150 руб
Бойлер косвенного нагрева с двумя теплообенниками TESY EV13/7S2 1000 105 F44 TP2,153 000 руб
Газовый низкотемпературный чугунный атмосферный котел Buderus Logano G234 WS-44,153 204 руб
Бойлер косвенного нагрева для проточного нагрева ГВС через змеевик S-Tank HFWT-1500,153 949 руб
Котел напольный чугунный под сменную горелку Sime 2R 6 OF,154 000 руб
Котел напольный твердотопливный Buderus Logano G221-40,156 000 руб
Напольный атмосферный газовый котел SIME RMG 80 MK.II,157 000 руб
Напольный газовый котёл Vaillant atmoVIT VK  INT 564/1-5,157 200 руб
Напольный газовый  котел Protherm Медведь 50KLZ,157 300 руб
Котел напольный чугунный с атмосферный горелкой SIME BITHERM 26/80 CE IONO,158 500 руб
Бойлер косвенного нагрева S-Tank Solar SS Duo 1000,158 614 руб
Мембранный расширительный бак Эван HIT-1000,161 100 руб
Бойлер косвенного нагрева для работы с тепловым насосом  S-Tank SS-HP 1000,163 280 руб
Водонагреватель  косвенного нагрева Austria Email VT 1000 FRM,165 000 руб
Напольный атмосферный газовый котел SIME RMG 90 MK.II,166 000 руб
Котел напольный чугунный под сменную горелку Sime 2R 7 OF,168 000 руб
Водонагреватель  косвенного нагрева Drazice OKC 1000 NTR/1 МПа,168 454 руб
Бойлер косвенного нагрева для проточного нагрева ГВС через змеевик S-Tank HFWT DUO-1200,169 158 руб
Буферная емкость для нагревательной установки с двумя теплообменниками TESY V 15S/9 S2 2000 130 F48 P6,169 402 руб
Проточный электроводонагреватель ЭВАН ЭПВН-108,169 880 руб
Настенный газовый конденсационный одноконтурный котел Chaffoteaux TALIA GREEN SYSTEM HP 45,169 997 руб
Буферная емкость S-Tank SS 1200,172 143 руб
Буферная емкость Huch EnTEC PS ECO 1500,172 423 руб
Газовая горелка ECOFLAM MAX GAS 500 P TL,172 983 руб
Напольный атмосферный газовый котел SIME RMG 100 MK.II,174 000 руб
Бойлер косвенного нагрева S-Tank Solar 1200,177 275 руб
Проточный электроводонагреватель ЭВАН ЭПВН-120,177 700 руб
Бойлер косвенного нагрева S-Tank Solar SS 1200,179 328 руб
Бойлер DANFOSS DWH OPTI 200 ,179 794 руб
Бойлер косвенного нагрева для проточного нагрева ГВС через змеевик S-Tank HFWT-2000,181 940 руб
Промывочная установка  для инженерных систем X-PUMP IN PULSE,181 940 руб
Теплонакопитель Эван BU-750.8,183 806 руб
Промывочный насос для систем отопления и теплообменников  X-PUMP THERMAL,184 739 руб
Водонагреватель накопительный электрический напольный вертикальный TESY ЕV 1500 105 F44 TP3,185 558 руб
Котел напольный чугунный под сменную горелку Sime 2R 8 OF,186 000 руб
Бойлер косвенного нагрева для проточного нагрева ГВС через змеевик S-Tank HFWT DUO-1500,189 404 руб
Бойлер DANFOSS WT-S 500,190 244 руб
Буферная емкость для нагревательной установки с одним теплообменником TESY V 12S 1500 120 F45 P5,195 106 руб
Напольный газовый конденсационный котёл Vaillant ecoVIT VKK INT 226/4,195 600 руб
Бойлер косвенного нагрева S-Tank Solar SS Duo 1200,195 935 руб
Теплонакопитель Эван BU-1000.8,200 601 руб
Напольный газовый конденсационный котёл Vaillant ecoVIT VKK INT 286/4,201 500 руб
Котел напольный чугунный под сменную горелку Sime 2R 9 OF,204 000 руб
Бойлер косвенного нагрева для работы с тепловым насосом  S-Tank SS-HP 1200,204 426 руб
Настенный газовый конденсационный одноконтурный котел Chaffoteaux TALIA GREEN SYSTEM HP 65,206 759 руб
Буферная емкость S-Tank AT-3000,207 132 руб
Бойлер косвенного нагрева S-Tank Solar 1500,207 412 руб
Напольный атмосферный газовый котел SIME RMG 110 MK.II,208 000 руб
Буферная емкость для нагревательной установки с двумя теплообменниками TESY V 12S/8 S2 1500 120 F47 P6,208 325 руб
Буферная емкость S-Tank SS 1500,211 144 руб
Твердотопливный котёл Эван Viking 25,214 060 руб
Водонагреватель  косвенного нагрева Nibe VLM 300 KS Star,215 436 руб
Напольный газовый конденсационный котёл Vaillant ecoVIT VKK INT 366/4,217 500 руб
Электрический котел ЭВАН ЭПО-132,218 880 руб
Котел напольный чугунный под сменную горелку Sime 2R 10 OF,219 000 руб
Бойлер косвенного нагрева для работы с тепловым насосом  S-Tank HP-ENAMEL 1200,219 168 руб
Бойлер косвенного нагрева S-Tank Solar Duo 1200,219 168 руб
Бойлер DANFOSS DWH OPTI 300,219 261 руб
Промывочный насос для систем отопления и теплообменников  X-PUMP DUPLEX 55 ,219 261 руб
Бойлер косвенного нагрева S-Tank Solar SS 1500,222 527 руб
Буферная емкость Huch EnTEC PS-GWT ECO 1500,224 206 руб
Теплонакопитель Эван BUZ-750/200.90,226 259 руб
Бойлер DANFOSS WT-V 1000,229 058 руб
Котел напольный чугунный под сменную горелку Sime 2R 11 OF,231 000 руб
Электрический котел ЭВАН ЭПО-144,231 300 руб
Промывочный насос для систем отопления и теплообменников  X-PUMP DUPLEX 85 ,232 323 руб
Водонагреватель комбинированного и косвенного нагрева Nibe Mega W-E 750.81,235 123 руб
Бойлер косвенного нагрева с одним змеевиком TESY EV 12S 1500 120 F45 TP,235 559 руб
Электрический котел ЭВАН ЭПО-156,237 900 руб
Настенный газовый конденсационный одноконтурный котел Chaffoteaux TALIA GREEN SYSTEM HP 85,238 948 руб
Бойлер косвенного нагрева для проточного нагрева ГВС через змеевик S-Tank HFWT DUO-2000,240 161 руб
Напольный газовый конденсационный котёл Vaillant ecoVIT VKK INT 476/4,241 600 руб
Теплонакопитель Эван BUZ-750/200.91,242 587 руб
Бойлер косвенного нагрева S-Tank Solar SS Duo 1500,242 587 руб
Бойлер косвенного нагрева для работы с тепловым насосом  S-Tank HP-ENAMEL 1500,242 680 руб
Бойлер косвенного нагрева S-Tank Solar Duo 1500,242 680 руб
Котел напольный чугунный под сменную горелку Sime 2R 12 OF,243 000 руб
Напольный газовый котёл Vaillant atmoCRAFT VK INT 654/9,243 500 руб
Электрический котел ЭВАН ЭПО-168,246 100 руб
Теплонакопитель Эван BUZ-1000/200.90,247 252 руб
Бойлер косвенного нагрева для работы с тепловым насосом  S-Tank SS-HP 1500,251 077 руб
Бойлер косвенного нагрева с двумя теплообенниками TESY EV12/8S2 1500 120 F45 TP2,251 593 руб
Водонагреватель комбинированного и косвенного нагрева Nibe Mega W-E 750.82,254 716 руб
Водонагреватель  косвенного нагрева Nibe VLM 500 KS,256 582 руб
Водонагреватель Huch EnTEC BS 751,257 049 руб
Напольный газовый котёл Vaillant atmoCRAFT VK INT 754/9,257 700 руб
Теплонакопитель Эван BUZ-750/200.92,260 314 руб
Буферная емкость S-Tank SS 5000,261 247 руб
Водонагреватель комбинированного и косвенного нагрева Nibe Mega W-E 1000.81,263 580 руб
Теплонакопитель Эван BUZ-1000/200.91,264 046 руб
Котел напольный чугунный под сменную горелку Sime 2R 13 OF,267 000 руб
Настенный газовый конденсационный одноконтурный котел Chaffoteaux TALIA GREEN SYSTEM HP 100,267 965 руб
Водонагреватель  косвенного нагрева Nibe VLM 500 KS EM,268 711 руб
Напольный газовый котёл Vaillant atmoCRAFT VK INT 854/9,270 500 руб
Котел напольный чугунный под сменную горелку Sime 2R 14 OF,275 000 руб
Бойлер косвенного нагрева S-Tank Solar 2000,277 109 руб
Теплонакопитель Эван BUZ-1000/200.92,280 841 руб
Водонагреватель комбинированного и косвенного нагрева Nibe Mega W-E 1000.82,281 774 руб
Котел напольный чугунный под сменную горелку Sime 2R 15 OF,292 000 руб
Водонагреватель Huch EnTEC SSH 751,292 410 руб
Электрический котел ЭВАН ЭПО-180,292 600 руб
Буферная емкость S-Tank SS 2000,293 903 руб
Водонагреватель накопительный электрический напольный вертикальный TESY ЕV 2000 105 F46 TP3,294 433 руб
Бойлер косвенного нагрева S-Tank Solar SS 2000,298 568 руб
Напольный атмосферный газовый котел SIME RS 129 MK II,303 000 руб
Бойлер косвенного нагрева с одним змеевиком TESY EV15S 2000 130 F46 TP,303 307 руб
Электрический котел ЭВАН ЭПО-192,304 800 руб
Бойлер косвенного нагрева для работы с тепловым насосом  S-Tank HP-ENAMEL 2000,317 415 руб
Бойлер косвенного нагрева S-Tank Solar Duo 2000,317 415 руб
Бойлер косвенного нагрева S-Tank Solar SS Duo 2000,320 028 руб
Напольный атмосферный газовый котел SIME RS 151 MK II,322 000 руб
Водонагреватель Huch EnTEC BS 1001,325 533 руб
Электрический котел ЭВАН ЭПО-204,328 600 руб
Дизельная горелка Ecoflam MAIOR P 60 AB TL,329 825 руб
Бойлер косвенного нагрева с двумя теплообенниками TESY EV15/9S2 2000 130 F46 TP2,330 786 руб
Бойлер косвенного нагрева для работы с тепловым насосом  S-Tank SS-HP 2000,331 691 руб
Бойлер DANFOSS WT-C 500,338 222 руб
Электрический котел ЭВАН ЭПО-216,340 000 руб
Электрический котел ЭВАН ЭПО-228,347 000 руб
Электрический котел ЭВАН ЭПО-240,355 600 руб
Бойлер DANFOSS WT-S 1000,359 308 руб
Водонагреватель Huch EnTEC SSH 1001,361 734 руб
Напольный атмосферный газовый котел SIME RS 172 MK II,363 000 руб
Дизельная горелка Ecoflam MAIOR P 80 AB TL,380 675 руб
Напольный атмосферный газовый котел SIME RS 194 MK II,384 000 руб
Газовая горелка ECOFLAM BLU 700.1 PAB TL,390 565 руб
Напольный атмосферный газовый котел SIME RS 215 MK II,398 000 руб
Водонагреватель  косвенного нагрева Nibe VLM 500 KS Star,399 428 руб
Водонагреватель газовый American Water Heater Company BCG3-70T120-5N,408 600 руб
Мембранный расширительный бак Эван HIT-2000,409 100 руб
Мембранный расширительный бак для водоснабжения Эван WATV-2000,418 600 руб
Напольный атмосферный газовый котел SIME RS 237 MK II,424 000 руб
Буферная емкость S-Tank SS 3000,424 060 руб
Водонагреватель газовый American Water Heater Company BCG3-100T199-6N,437 400 руб
Буферная емкость S-Tank AT-5000,440 855 руб
Дизельная горелка Ecoflam MAIOR P 120 AB TL,443 840 руб
Водонагреватель газовый American Water Heater Company BCG3-100T275-8N,446 900 руб
Напольный атмосферный газовый котел SIME RS 258 MK II,449 000 руб
Газовая горелка ECOFLAM BLU 1000.1 PAB TL,455 037 руб
Напольный атмосферный газовый котел SIME RS 279 MK II,473 000 руб
Водонагреватель Huch EnTEC BS 1500,481 441 руб
Бойлер DANFOSS WT-C 750,486 107 руб
Водонагреватель газовый American Water Heater Company BCG3-85T390-6NOX,486 800 руб
Установка для промывки систем отопления Pump Eliminate 170 FS,487 973 руб
Установка для промывки систем отопления PUMP ELIMINATE  170 FS,487 973 руб
Мембранный расширительный бак для водоснабжения Эван WATV-3000,533 500 руб
Мембранный расширительный бак Эван HIT-3000,533 560 руб
Напольный газовый конденсационный котёл Vaillant ecoCRAFT VKK 806/ 3-E,581 200 руб
Напольный газовый конденсационный котёл Vaillant ecoCRAFT VKK 1206/ 3-E,639 300 руб
Дизельная горелка Ecoflam MAIOR P 150.1 AB TL,657 130 руб
Установка для промывки теплообменников PUMP ELIMINATE 200 PROF V4V,657 783 руб
Напольный газовый конденсационный котёл Vaillant ecoCRAFT VKK 1606/ 3-E,697 500 руб
Дизельная горелка Ecoflam MAIOR P 200.1 AB TL,719 083 руб
Напольный газовый конденсационный котёл Vaillant ecoCRAFT VKK 2006/ 3-E,726 500 руб
Напольный газовый конденсационный котёл Vaillant ecoCRAFT VKK 2406/ 3-E,755 600 руб
Напольный газовый конденсационный котёл Vaillant ecoCRAFT VKK 2806/ 3-E,821 300 руб
Мембранный расширительный бак для водоснабжения Эван WATV-4000,877 800 руб
Мембранный расширительный бак Эван HIT-4000,882 000 руб
Мембранный расширительный бак для водоснабжения Эван WATV-5000,1 010 200 руб
Мембранный расширительный бак Эван HIT-5000,1 044 020 руб
Твердотопливный котёл Эван Viking 18,1 113 100 руб
Электрод контроля пламени Рысь Lynx 24/28 Артикул 0020118686,177 руб
Клапан подпитки Рысь Lynx 24/28 Артикул (новый 0020119802) 0020118758,276 руб
Термостат Артикул 0020027574,547 руб
Плата управления MOD v.13 Артикул 0020027490,603 руб
Датчик давления воды Рысь Lynx 24/28 Артикул 0020118696,694 руб
"Термопара 55мм, М9х1 Артикул 0020027520",714 руб
"Предохран.клапан 3000кПа1/2""-1/2""-вн. Артикул 0020025271",767 руб
Регулировочный винт бай-пасса  Артикул 0020014169,876 руб
Электропривод клапана Рысь Lynx 24/28  Артикул 0020119256,1 003 руб
Предохранительный клапан  Артикул 0020014173,1 104 руб
Прессостат - реле давления Рысь Lynx 24 Артикул 0020118741,1 177 руб
Датчик давления Артикул 0020027571,1 317 руб
Прессостат - реле давления Рысь Lynx 28 Артикул 0020118742,1 335 руб
Воздухоотводчик  Артикул 0020014161,1 418 руб
Термостат рабочий 3-кон. Артикул 0020025282,1 418 руб
Аквасенсор  Артикул 0020014174,1 519 руб
Датчик давления Артикул 0020023216,1 519 руб
Термостат рабочий (TY) Артикул 0020025281,1 519 руб
Термостат рабочий 3-кон. Артикул 0020025285,1 650 руб
Термостат продуктов сгорания 70-110°С Артикул 0020027535,1 650 руб
Защитный анод бойлера G1x26x517 Артикул 0020010717,1 650 руб
Термостат рабочий  (TZ) Артикул 0020025284,1 650 руб
Термостат продуктов сгорания (поз. конт) Артикул 0020027536,1 874 руб
Термостат рабочий мед.-позол. конт Артикул 0020027572,1 874 руб
Термостат аварийный -позолоч.кон. Артикул 0020027573,1 874 руб
Термостат аварийный (LY) Артикул 0020025286,1 874 руб
Теплообменник вторичный 10 пластин Рысь Lynx 24/28 Артикул 0020119605,2 433 руб
Теплообменник вторичный 12 пластин Рысь Lynx  24/28 Артикул 0020119606,2 701 руб
Плата управления Артикул 0020033173,2 754 руб
Маностат воздуха Артикул 20025245,2 957 руб
Вентилятор Рысь Lynx 24/28 Артикул 0020118666,3 070 руб
Гидроблок в сборе Рысь Lynx 24/28 Артикул (новый 0020119799) 20118699,3 111 руб
Тэн NM 3кВт Артикул 0020027640,3 179 руб
Гидроблок в сборе Рысь Lynx 24/28 Артикул   (старый 0020118699) 0020119799,3 202 руб
Термопара многократная 820мВ Артикул 0020027521,3 402 руб
Вентилятор GR01085 Артикул 0020023215,3 402 руб
Расширительный бак Рысь Lynx 24/28 Артикул 0020118680,3 559 руб
Тэн 3 кВт Артикул 0020094646,3 604 руб
Анод бойлера TF 25x500 Артикул 0020048749,3 604 руб
3-х ходовой клапан Рысь Lynx 24/28 Артикул 0020118698,3 652 руб
Теплообменник ТУВ Е6Н.14 Артикул 0020025294,3 948 руб
Тэн 7кВт Артикул 0020068841,3 948 руб
Тэн NM 6кВт Артикул 0020027641,3 948 руб
Плата управления Рысь Lynx 24/28 Артикул 0020119390,4 126 руб
Плата управления 80 KLO v.1.2 Артикул 0020027491,4 272 руб
Вентилятор GR01090 Артикул 0020025302,4 272 руб
Газовый клапан Рысь Lynx 24/28 Артикул 0020118636,4 513 руб
Газовый клапан KLOM и KLZ 17  Артикул 0020228138,4 596 руб
Тэн 6 кВт Артикул 0020094647,4 597 руб
Тэн 7 кВт Артикул 0020094648,4 597 руб
Плата управления Рысь Lynx 11 Артикул 0020120239,4 915 руб
Теплообменник Артикул 0020014402,5 366 руб
Гидроблок 24KXO15 Артикул 0020034676,5 366 руб
3-х ходовой клапан  Артикул 0020014168,5 366 руб
Теплообменник вторичный Артикул 0020097179,5 771 руб
Газовый клапан VK8525 MR 1038 B Артикул (новый S1071600) 0020035638,5 771 руб
Газовый клапан EuroSIT 630 (Волк) Артикул 0020095644,5 861 руб
"Плата управления , Панель 24 KXO Артикул 0020025309",6 075 руб
Плата управления  24 KXV Артикул 0020023218,6 075 руб
Плата управления СТ6-10  Артикул (новый 0020049376) 0020025296,6 204 руб
Газовый клапан Артикул  (новый 0020049296) 0020049295,6 333 руб
Газовый клапан SIT 830 Артикул 0020025243,6 378 руб
Клапан газовый SIT 843 Артикул 0020025299,6 378 руб
Газовый клапан SIT 843 SIGMA G3/4 Артикул 0020027679,6 378 руб
Газовый клапан SIT SIGMA 840.030 Артикул 20027680,6 378 руб
Газовый клапан SIT SIGMA 840.038 Артикул 0020025290,6 378 руб
Газовый клапан  Артикул (старый 0020035638) S1071600,6 682 руб
Плата управления 28 KXV Артикул 0020025293,6 682 руб
Газовый клапан SIT 845 Артикул 0020023213,6 682 руб
Вентилятор 1-скоростной II Артикул 0020025212,7 188 руб
Плата управления 3 - 6 кВт Артикул 0020033142,7 188 руб
Электроника розжига 537  Артикул 0020025291,7 188 руб
Электроника розжига (турбо) 537ABC Артикул 0020023214,7 188 руб
Электроника розжига (атмо) 537ABC Артикул 0020025300,7 188 руб
Расширительный бак 5L Артикул 0020025298,7 188 руб
Плата управления  ELKOT7 6-12 кВт Артикул (старый 0020027648) 0020112056,7 188 руб
Плата управления R1 6-14кВт Артикул  (старый 0020094663) 0020154085,7 188 руб
Чугунная секция - (средняя) Артикул 0020025267,7 558 руб
Плата управления 24KXV17 Артикул 0020027653,7 694 руб
Автоматика розжига 503EFD-10s Артикул 0020025227,7 694 руб
Клапан газовый SIT 840 Артикул 0020044937,7 830 руб
Насос для Protherm Рысь Lynx 24/28 Артикул 0020119604,7 868 руб
Теплообменник ГВС Артикул 0020025248,8 200 руб
Плата управления 80 KLR v.1.4 Артикул 0020033172,8 200 руб
"Плата управления, BMU 18-21kW Артикул  (новый 0020154086) 0020094664",8 200 руб
Плата управления  ELKOT7 15-18 кВт Артикул (старый 0020027647) 0020112055,8 200 руб
Плата управления R1 18-21кВт  Артикул  (старый 0020094664) 0020154086,8 200 руб
 Циркуляционный насос  для Protherm Артикул 0020025207,8 200 руб
Насос для Protherm  Артикул 0020094635,8 200 руб
"Термостат GSM-Climate ZONT-H1, для электроотопительных котлов",8 230 руб
Плата управления BMU 6-14kW Артикул (новый 0020154085) 0020094663,8 425 руб
"Термостат GSM-Climate ZONT-H1V, для электроотопительных котлов",8 580 руб
Газовый клапан  Артикул(новый 0020039188) 0020049296,8 706 руб
"Газовый клапан 12 mm ""D"" Артикул (новый 0020049296) 0020097959",8 706 руб
Газовый клапан 824 SIT NOVA Артикул 0020025220,8 706 руб
"Плата управления PCB, Panther v.18 Артикул 0020049268",8 706 руб
Плата управления R1 24-28 кВт Артикул  (старый 0020094665) 0020154087,8 706 руб
Гидрогруппа .Блок S40 - вход ZK Артикул 0020025315,8 706 руб
 Циркуляционный насос  для Protherm  Артикул 0020023217,8 706 руб
 Циркуляционный насос  для Protherm Артикул 0020025208,8 706 руб
Циркуляционный насос для Protherm  Артикул 0020027644,8 706 руб
Теплообменник (новый 0020142419) Артикул 0020097958,9 314 руб
Чугунная секция - (левая) Артикул 0020025260,9 314 руб
Чугунная секция - (левая) Артикул 0020025265,9 314 руб
Плата управления 9 - 12 кВт Артикул 0020027487,9 314 руб
Автоматика розжига B1055 Артикул 0020027677,9 314 руб
Энергодвигатель циркуляционного насоса  для Protherm Артикул 0020048254,9 555 руб
Чугунная секция - (правая) Артикул 0020025266,9 701 руб
Чугунная секция - (правая) Артикул 0020025261,9 820 руб
Плата управления Гепард Пантера V.19 Артикул 0020097962,9 820 руб
Газовый клапан VK4105 G1146 B Артикул 0020023220,9 820 руб
Двигатель насоса для Protherm 1000L/H  Артикул 0020097216,10 182 руб
Газовый клапан Артикул (старый 0020049296) 0020039188,10 427 руб
Плата управления 15 - 18 кВт Артикул 0020025200,10 427 руб
Теплообменник первичный  C.00.35.056.02 Артикул 0020025314,10 427 руб
Плата управления  ELKOT7 21-28 кВт Артикул  (старый 0020027646) 0020112058,10 427 руб
 Циркуляционный насос для Protherm Артикул 0020025205,10 427 руб
Теплообменник 082.01501 Артикул 0020025297,10 806 руб
Секция теплообменника (левая) Артикул 0020033941,11 035 руб
Секция теплообменника (средняя) Артикул 0020033943,11 375 руб
Электроника розжига  АМ 1058 Артикул 0020025301,11 540 руб
Плата управления SYMSI 7 Артикул 0020020682,11 540 руб
Циркуляционный насос для Protherm  Артикул 0020025209,11 540 руб
Теплообменник 30 kW Артикул (новый 0020048243) 0020101512,11 858 руб
Плата управления 15 - 18 Д Артикул 0020033143,12 353 руб
"Газовый клапан -1ст.-ПГ,ПБ Артикул 0020025241",12 654 руб
Чугунная секция - (средняя) Артикул 0020025262,12 654 руб
Плата управления 21 - 24 кВт Артикул 0020025201,12 654 руб
Плата управления 21 - 24 Д Артикул 0020027488,12 654 руб
Автоматика розжига (атмо) Honeywell Артикул 0020025223,12 654 руб
Автоматика розжига (атмо) Honeywell Артикул 0020025226,12 654 руб
Теплообменник Артикул 0020049288,13 375 руб
Водонагреватель накопительный электрический вертикальный TESY GCV 150 44 24D D06 TS2RC  Anticalc ,13 600 руб
Секция блока чугунного (левая) Артикул 0020118397,13 667 руб
Секция блока чугунного (правая) Артикул 0020118398,13 667 руб
Газовый клапан 3ст.ПБ Артикул 0020027531,13 667 руб
Блок управления - BIZON (NL) Артикул 0020044979,13 667 руб
Газовый клапан VK4105G1005 Артикул 0020025244,13 667 руб
Основной теплообменник Рысь Lynx 24 Артикул 0020118598,13 776 руб
Насос для Protherm  Артикул (новый 0020078492) 0020014171,14 328 руб
Чугунная секция (средняя) Артикул 0020044982,14 679 руб
Гидроблок - S11 - (выход) Артикул 0020027567,14 679 руб
Основной теплообменник Рысь Lynx 28 Артикул 0020118599,14 856 руб
"Плата управления, BMU 24-28kW Артикул (новый 0020154087) 0020094665",15 000 руб
Секция теплообменника (средняя)NL B20 Артикул 0020034671,15 893 руб
Автоматика розжига  S4565 AM1074B Артикул 0020027630,15 910 руб
Секция теплообменника (правая) Артикул 0020033942,16 691 руб
Теплообменник Артикул (новый 0020142415) 0020098008,17 007 руб
Газовый клапан -3ст.ПГ Артикул 0020025240,17 007 руб
Автоматика розжига (турбо) СM-2ст. 1021 Артикул 0020025231,18 121 руб
Автоматика розжига S4565-BM1007 Артикул 0020025230,18 121 руб
Гидроблок IWC-DIN Артикул 0020034751,19 040 руб
Автоматика розжига   S4565 CM1047B Артикул 0020027631,23 486 руб
Гидроблок -SO3- S15 - (выход) Артикул 0020025277,23 486 руб
Чугунная секция (передняя) Артикул 0020044981,25 713 руб
Чугунная секция - (задняя) Артикул 0020044984,28 183 руб
Секция теплообменника (средняя) Артикул 0020053411,30 066 руб
Теплообменник (3-секции) Артикул 0020033959,30 066 руб
Теплообменник (4 секции) Артикул 0020034632,32 293 руб
Секция теплообменника (передняя) Артикул 0020053410,34 520 руб
Теплообменник (5-секций) Артикул 0020033960,38 974 руб
Бойлер 45 литров Артикул 0020025251,41 100 руб
Газовый клапан MULT.VR 400 B+B H-L Артикул 0020027638,41 277 руб
Газовый клапан VR432PE5011 Артикул 0020044788,42 780 руб
Бойлер косвенного нагрева Lapesa GX4-90 (100) S,45 579 руб
Секция теплообменника (задняя) Артикул 0020053412,46 465 руб
Теплообменник SD Артикул 0020025264,46 465 руб
Водонагреватель  косвенного нагрева Austria Email HT 140 ER,47 500 руб
Бойлер косвенного нагрева Lapesa GX4-90 (100)  D,51 728 руб
Бойлер косвенного нагрева Lapesa GX4-130 S,53 009 руб
Теплообменник (6-секций) Артикул 0020033961,55 758 руб
Бойлер косвенного нагрева Lapesa GX4-190 (200) S ,58 786 руб
Бойлер косвенного нагрева Lapesa GX4-130 D,60 583 руб
Чугунный теплообменник (6 секций) Артикул 0020025263,63 067 руб
Теплообменник BIASI Артикул 0020025295,63 067 руб
Бойлер косвенного нагрева Lapesa GX4-190 (200) D,69 345 руб
Чугунный теплообменник (4 секции)-не импорт.  Артикул 0020044976,71 266 руб
Твердотопливный котел Parpol PL-PRO 20 KW,71 690 руб
Твердотопливный котел Parpol PL-PRO 25 KW,73 110 руб
Теплообменник (6-секций) Артикул 0020025289,74 000 руб
Настенный  газовый котёл BAXI ECO-4S 1.24 F,74 455 руб
Бойлер косвенного нагрева Lapesa GX4-260 (300) S,77 994 руб
Твердотопливный котел Parpol PL-PRO 30 KW,78 090 руб
Настенный  газовый котёл BAXI ECO FOUR 1.24 F,82 759 руб
Бойлер косвенного нагрева Lapesa GX4-260 (300) D,84 854 руб
Твердотопливный котел Parpol PL-PRO 40 KW,93 030 руб
Твердотопливный котел Parpol PL-PRO 50 KW,101 570 руб
Бойлер косвенного нагрева Lapesa GX4-400 S,116 600 руб
Бойлер Lapesa GX4-400 D,131 062 руб
Твердотопливный котел Parpol PL-PRO 70 KW,137 990 руб
Твердотопливный котел Parpol PL-PRO 90 KW,157 660 руб
Бойлер косвенного нагрева Lapesa GX4-600 S,164 079 руб
"Напольный газовый котёл BAXI SLIM 1.490iN 7E (48,7 кВт)",172 423 руб
Бойлер косвенного нагрева Lapesa GX4-600 D,181 265 руб
