Однофазный бензиновый генератор PATRIOT GP 910,7 383 руб
Однофазный бензиновый генератор Hyundai HHY960A,8 990 руб
Бензиновый генератор Lifan S-Pro 1000,9 900 руб
Однофазный бензиновый генератор PATRIOT GP 1510,10 704 руб
Бензиновый генератор Huter DY3000L,14 500 руб
Однофазный бензиновый генератор PATRIOT GP 2510,15 525 руб
Бензиновый генератор BRIGGS STRATTON 1800A,15 990 руб
Однофазный бензиновый генератор PATRIOT GP 3510,16 937 руб
Портативный бензиновый генератор ВЕПРЬ АБП 2-230 ВФ-БГ Серия Лайт,17 836 руб
Бензиновый генератор BRIGGS STRATTON 2400A,17 864 руб
Однофазный бензиновый генератор PATRIOT GP 3810L,18 799 руб
Бензиновый генератор Lifan S-Pro 3200,19 000 руб
Бензиновый генератор BRIGGS STRATTON Sprint 2200A ,19 528 руб
Однофазный бензиновый генератор Hyundai HHY3000F,19 990 руб
Однофазный бензиновый генератор TALON FG4000MO ,20 000 руб
Бензиновый генератор Lifan S-Pro 2500,21 000 руб
Однофазный бензиновый генератор HYUNDAI HHY 3000FE,23 990 руб
Бензиновый генератор FUBAG BS 3300,24 318 руб
Бензогенератор инверторного типа Kipor IG770,24 823 руб
Цифровая инверторная электростанция FUBAG TI 1000,24 885 руб
Дизель генератор ТСС ЭЛАД-2000 П,25 000 руб
Однофазный бензиновый инверторный генератор Hyundai HY125Si,25 990 руб
Бензиновый генератор Huter DY5000L,26 500 руб
Бензогенератор инверторного типа Kipor IG1000,26 943 руб
Бензиновая электростанция (генератор) FUBAG BS 3500 Duplex,27 132 руб
Бензиновый генератор Huter DY6500L,27 700 руб
Бензиновая электростанция (генератор) FUBAG BS 3300 ES,29 001 руб
Бензиновый генератор Kipor KGE2500X,29 008 руб
"Портативный бензиновый генератор ВЕПРЬ АБП 3,3-230ВФ-БГ Серия Лайт",30 074 руб
Бензогенератор инверторного типа Kipor IG1000s,32 494 руб
Бензиновый генератор Lifan S-Pro 4500,33 475 руб
Бензиновый генератор Kipor KGE4000C,33 988 руб
"Портативный бензиновый генератор ВЕПРЬ АБП 2,2-230 ВХ",33 993 руб
Портативный бензиновый генератор ВЕПРЬ АБП 5-230ВФ-БГ Серия Лайт,34 663 руб
Бензиновый генератор FOGO F 3001,34 802 руб
Бензиновый генератор Lifan S-Pro 5500,35 350 руб
Бензиновый генератор Huter DY8000LX,36 000 руб
Портативный бензиновый генератор ВЕПРЬ АБП 6-230ВФ-БГ Серия Лайт,36 949 руб
Однофазный бензиновый генератор HYUNDAI HHY 7000F,36 990 руб
Бензиновый генератор Kipor KGE2500E,37 190 руб
Бензиновый генератор Lifan S-Pro 6500,37 482 руб
Бензиновый генератор REG GG3300-X,37 830 руб
Цифровая инверторная электростанция FUBAG TI 2000,38 042 руб
Однофазный бензиновый генератор SDMO PERFORM 3000,38 499 руб
Бензогенератор инверторного типа Kipor IG2000,38 907 руб
Бензиновый генератор Huter DY8000LX-3,39 830 руб
Бензиновый генератор Europower EP Genset DY2800L,39 990 руб
Бензиновая электростанция (генератор) FUBAG BS 5500,40 268 руб
Однофазный бензиновый генератор Hyundai HHY7000FE,41 990 руб
Дизельная электростанция FUBAG DS 3600,42 336 руб
Бензиновый генератор BRIGGS STRATTON 3750A,43 990 руб
Однофазный бензиновый генератор EUROPOWER EP 2500,43 990 руб
Однофазный бензиновый генератор EUROPOWER EP 2500,43 990 руб
Однофазный бензиновый генератор Hyundai HHY9000FE,43 990 руб
Бензиновые генератор FUBAG BS 6600,44 090 руб
Бензиновый генератор FOGO FP 3001,44 412 руб
"Портативный бензиновый генератор ВЕПРЬ АБП 2,7-230 ВХ-Б",45 578 руб
Бензогенератор инверторного типа Kipor IG2000s,46 331 руб
Однофазный бензиновый генератор HYUNDAI HY 7000,46 990 руб
Бензиновая электростанция (генератор) FUBAG BS 5500 A ES,47 733 руб
Однофазный бензиновый генератор HYUNDAI HY9000,47 990 руб
Газовый генератор REG GG3300-X,48 990 руб
Бензиновая электростанция (генератор) FUBAG BS 7500,49 035 руб
Однофазный бензиновый инверторный генератор Hyundai HY300Si,49 990 руб
Бензиновая электростанция (генератор) FUBAG BS 6600 A ES,50 537 руб
Бензогенератор REG GG4500-X,50 700 руб
Бензиновый генератор Kipor KGE4000X,50 957 руб
Бензогенератор инверторного типа Kipor IG2600,51 321 руб
Бензиновый генератор REG Kibii EKB 2900 R2,53 300 руб
Бензиновая электростанция (генератор) FUBAG BS 6600 DA ES,53 918 руб
Однофазный бензиновый генератор EUROPOWER EP 3300,53 990 руб
Бензогенератор TSS-SGG 7500Е,54 600 руб
Бензиновая электростанция (генератор) FUBAG BS 7500 A ES,55 293 руб
Однофазный бензиновый генератор SDMO HX 3000-C ,55 888 руб
Бензиновый генератор Europower EP Genset DY4800L,55 990 руб
Бензиновый генератор REG GG7200-A,56 290 руб
Бензиновый генератор (бензогенератор) BRIGGS STRATTON ProMax 6000A,56 490 руб
Бензиновый генератор BRIGGS STRATTON 6250A,57 990 руб
Бензиновый генератор BRIGGS STRATTON Inverter P2000 ,59 990 руб
Дизель генератор VMtec YN6000,60 000 руб
Бензиновый генератор Huter DY6500LXW,60 210 руб
Однофазный бензиновый генератор GESAN G 3000 H,60 740 руб
Бензиновый генератор Kipor KGE6500X,60 901 руб
Бензиновый генератор BRIGGS STRATTON ProMax 6000EA,61 490 руб
Газовый генератор REG GG4500-X,61 990 руб
Бензогенератор инверторного типа Kipor IG2600h,62 520 руб
Бензиновый генератор Kipor KGE6500X3,63 368 руб
Бензиновый генератор REG GG7200-A-3,63 840 руб
Однофазный бензиновый генератор EUROPOWER EP 4100,63 990 руб
"Портативный бензиновый генератор ВЕПРЬ АБП 4,2-230 ВХ-БГ",65 297 руб
Бензогенератор инверторного типа Kipor IG3000x,65 758 руб
Бензиновый генератор Europower EP Genset DY6800L,65 990 руб
Однофазный бензиновый инверторный генератор EUROPOWER EPSi1000,65 990 руб
Дизельная электростанция (генератор) FUBAG DS 5500 A ES,66 024 руб
Бензогенератор инверторного типа Kipor IG3000e,66 238 руб
Бензиновый генератор HONDA EP 2500 CX1 RGHC,66 800 руб
Однофазный бензиновый генератор SDMO PERFORM 4500,68 204 руб
Дизельная электростанция (генератор) FUBAG DS 7000 DA ES,68 366 руб
Бензиновая электростанция (генератор) FUBAG BS 8500 A ES,68 387 руб
Бензиновый генератор Kipor KGE6500E,68 688 руб
Однофазный бензиновый инверторный генератор HONDA EU 10i,68 800 руб
Бензиновый инверторный генератор  Europower EPSi 1000,69 950 руб
Однофазный бензиновый генератор EUROPOWER EP 3300/11,69 990 руб
Бензиновая электростанция (генератор) FUBAG BS 8500 DA ES,69 993 руб
Бензиновый генератор REG GG7200-X,70 600 руб
Бензиновый генератор Kipor KGE6500E3,71 000 руб
Дизельная мини-электростанция HYUNDAI DHY6000 LE,71 990 руб
Дизельная мини-электростанция HYUNDAI DHY6000 LE-3,72 512 руб
Газовый генератор REG GG7200-X,72 800 руб
Газовый генератор REG GG7200-A,74 990 руб
Дизельная мини-электростанция HYUNDAI DHY8000 LE,75 990 руб
Бензогенератор инверторного типа Kipor IG3000,76 017 руб
Бензиновый генератор REG Kibii EKB 4500 R2,76 320 руб
Газовый генератор REG SH3000(ручной старт),76 320 руб
Газовый генератор REG SH3000(SE),76 320 руб
Однофазный бензиновый генератор GESAN G 3500 H,76 324 руб
Бензиновая электростанция (генератор) FUBAG BS 8500 XD ES,76 367 руб
Однофазный бензиновый генератор GESAN G 4000 H,76 415 руб
Газовый генератор REG GG7200-A-3,76 990 руб
Бензиновый генератор BRIGGS STRATTON Elite 8500EA,79 990 руб
Бензиновый генератор Europower EP Genset DY6800T,79 990 руб
Бензиновый инверторный генератор  Europower EPSi 2000,79 990 руб
Бензиновый генератор FOGO FH 4001,85 558 руб
Портативный бензиновый генератор ВЕПРЬ АБП 6-230 ВX,85 722 руб
Однофазный бензиновый генератор EUROPOWER EP 6000,85 990 руб
Бензиновый генератор REG SH4500(ручной старт),86 804 руб
Дизельная мини-электростанция HYUNDAI DHY6000 SE,86 990 руб
Дизельная мини-электростанция HYUNDAI DHY6000 SE-3,88 990 руб
Инверторный генератор Geko 2015 E-P/YHBA SS,89 475 руб
Бензиновый генератор Europower EP Genset DY6800LX,89 990 руб
Однофазный бензиновый генератор EUROPOWER EP 4100 LN,89 990 руб
Бензиновый генератор FOGO FH 5001,90 783 руб
Дизельный генератор HYUNDAI DHY8000 SE,90 990 руб
Бензиновая сварочная электростанция (генератор) FUBAG WS 230DC ES,91 854 руб
Бензиновый генератор GEKO 4400 ED-A/HHBA,91 956 руб
Дизельный генератор HYUNDAI DHY8000 SE-3,93 088 руб
Газовый генератор REG SH4500R,93 125 руб
Бензиновая сварочная электростанция (генератор) FUBAG WS 230 DDC ES,94 175 руб
Однофазный бензиновый генератор SDMO PERFORM 6500,94 236 руб
Однофазный бензиновый генератор GESAN G 5000V,94 609 руб
Портативный бензиновый генератор ВЕПРЬ АБП 6-230 ВX-БГ,96 050 руб
Портативная бензиновая электростанция ВЕПРЬ АБП 7/4-T400/230 ВX,96 803 руб
Трехфазный бензиновый генератор SDMO PERFORM 5500 T,96 848 руб
Бензиновый генератор REG SH5500,98 150 руб
Бензиновая электростанция EUROPOWER EP 7000,99 990 руб
Однофазный бензиновый генератор GESAN G 5000 H,100 010 руб
Бензиновый генератор REG HG4500,102 068 руб
Бензиновый генератор Lifan S-Pro 11000-1,103 697 руб
Однофазный бензиновый инверторный генератор HONDA EU 22 i,104 800 руб
Газовый генератор REG SH5500(ручной старт),104 990 руб
Портативная бензиновая электростанция ВЕПРЬ АБП 7/4-Т400/230 ВX-БГ,105 285 руб
Бензиновая электростанция EUROPOWER EP 6500T,105 990 руб
Однофазный бензиновый генератор EUROPOWER EP 6500T,105 990 руб
Портативный бензиновый генератор ВЕПРЬ АБП 6-230 ВX-БСГ,109 177 руб
Бензиновый генератор HONDA ECT7000K1,109 800 руб
Бензиновый генератор BRIGGS STRATTON ProMax 7500EA,109 990 руб
Бензиновый генератор GEKO 4400 ED-A/HEBA,115 089 руб
Бензиновый генератор GEKO 6400 ED-A/HHBA,115 089 руб
Бензиновый генератор GEKO 3001 E-AA/HHBA,118 500 руб
Бензиновая сварочная электростанция (генератор) FUBAG WHS 210 DC,119 385 руб
Бензиновая электростанция EUROPOWER EP 7000LN,119 990 руб
Газовый генератор REG HG4500(SE),121 803 руб
Бензиновая сварочная электростанция (генератор) FUBAG WHS 210 DDC,122 577 руб
Газовый генератор REG SH7500,123 500 руб
Портативная бензиновая электростанция ВЕПРЬ АБП 7/4-T400/230 ВX-БСГ,124 141 руб
Бензиновый генератор REG Kibii EKB 7500 R2,124 655 руб
Бензиновый генератор BRIGGS STRATTON ProMax 9000EA,125 990 руб
Однофазный бензиновый генератор GESAN G 8/10000 HL,129 106 руб
Бензиновый генератор FOGO FH 8000,131 183 руб
Бензиновый генератор Lifan S-Pro 11000-3,131 900 руб
Бензогенератор инверторного типа Kipor IG6000,132 135 руб
"Однофазный дизельный генератор ВЕПРЬ АДП 3,0-230 ВЯ-Б",132 706 руб
Бензиновый генератор GEKO 6400 ED-AA/HHBA,133 597 руб
Однофазный дизельный генератор SDMO Diesel 4000 C,133 703 руб
Бензогенератор инверторного типа Kipor IG6000h,134 616 руб
Однофазный бензиновый генератор GESAN G 7000 H,134 916 руб
Однофазный бензиновый генератор GESAN G 7000V,135 662 руб
Портативная бензиновая электростанция в звукоизолирующем корпусе GEKO 3011 E-AA/HHBA SS,135 975 руб
Бензиновый генератор GEKO 6400 ED-A/HEBA,136 489 руб
Бензиновый генератор REG Kibii EKB 7500 LR2,137 375 руб
Бензиновый генератор GEKO 4401 E-AA/HHBA,138 223 руб
Однофазный бензиновый генератор HONDA EG5500CXS,139 800 руб
Бензиновая электростанция EUROPOWER EP 7000LE,139 990 руб
Сварочный бензиновый генератор EUROPOWER EP 200 X1,139 990 руб
Однофазный дизельный генератор ВЕПРЬ АДП 5-230 ВЯ,142 638 руб
Бензиновый генератор GEKO 5401 ED-AA/HHBA,144 006 руб
Бензиновый генератор GESAN G 5 TF V,145 739 руб
Бензиновый генератор GESAN G 7 TF H,146 858 руб
Газовый генератор REG HG5500 (SE),148 014 руб
Бензиновый генератор GESAN G 7 TF V,149 098 руб
Сварочный бензиновый генератор EUROPOWER EP 200 X,149 990 руб
Сварочный бензиновый генератор EUROPOWER EP 200 X2,149 990 руб
Бензиновый генератор GESAN G 5 TF H,154 696 руб
Сварочный генератор SDMO VX 200/4 H-C,156 375 руб
Однофазный бензиновый генератор SDMO TECHNIC 6500 E AVR,157 850 руб
Бензиновый генератор Kipor KGE12Е3,157 882 руб
Бензиновый генератор GEKO 6400 ED-AA/HEBA,158 465 руб
"Трехфазный дизельный генератор ВЕПРЬ АДП 6,5/3,2-T400/230 ВЯ",158 685 руб
Бензиновый генератор Kipor KGE12Е,158 729 руб
Однофазный бензиновый генератор GESAN G 6000 H,159 081 руб
Однофазный бензиновый генератор GESAN G 5000 H Key (электростарт),160 014 руб
Однофазный дизельный генератор ВЕПРЬ АДП 5-230 ВЯ-С,160 585 руб
"Сварочный генератор SDMO VX 220/7,5 H-C",160 854 руб
Бензиновый генератор REG Kibii EKB 7500 SE,161 119 руб
Сварочный бензиновый генератор ВЕПРЬ АСПБT200-6/230 ВХ,163 293 руб
Бензиновый генератор GEKO R7401 E–S/HHBA,163 725 руб
"Трехфазный дизельный генератор ВЕПРЬ АДП 6,5/3,2-T400/230 ВЯ-Б",168 508 руб
Бензиновый генератор GEKO 4401 E-AA/HEBA,170 032 руб
Газовый генератор REG HG7500 (SE),172 991 руб
Однофазный дизельный генератор ВЕПРЬ АДП 5-230 ВЯ-Б,173 281 руб
Однофазный бензиновый инверторный генератор HONDA EU30is,174 800 руб
Бензиновый генератор GEKO 7401 E-AA/HHBA,175 815 руб
Бензиновый генератор BRIGGS STRATTON Promax 10000EA ,176 493 руб
Бензиновый генератор GEKO 5401 ED-AA/HEBA,176 972 руб
Портативный дизельный генератор GESAN L 6 Key  (электростарт),178 664 руб
Однофазный дизельный генератор EUROPOWER EP 4000 DE,179 990 руб
Портативная бензиновая электростанция в звукоизолирующем корпусе GEKO 3011 E-AA/HEBA SS,181 575 руб
"Сварочный бензиновый генератор ВЕПРЬ АСПБВ220/6,5/3,5-Т400/230 ВХ",181 940 руб
Бензиновый генератор GEKO 7401 ED-AA/HHBA,183 912 руб
Однофазная бензиновая электростанция GESAN G10000V,187 508 руб
Однофазный дизельный генератор ВЕПРЬ АДП 5-230 ВЯ-БС,188 024 руб
Однофазный дизельный генератор ВЕПРЬ АДП 6-230 ВЛ-С,188 061 руб
Бензиновый генератор REG GG10000,189 951 руб
Однофазный бензиновый генератор GESAN G 8000 H,192 950 руб
Однофазный дизельный генератор ВЕПРЬ АДП 6-230 ВЛ-БС,193 082 руб
"Трехфазный дизельный генератор ВЕПРЬ АДП 6,5/3,2-T400/230 ВЯ-С",195 405 руб
Бензиновый генератор GEKO R7401 E–S/HEBA,196 875 руб
Бензиновый генератор GESAN G 5 TF H Key (электростарт),197 988 руб
Газовый генератор REG GG10000,200 435 руб
Однофазная бензиновая электростанция GESAN G10000V (электростарт),201 354 руб
Однофазный бензиновый генератор GESAN G 7000 H Key (электростарт),202 093 руб
"Трехфазный дизельный генератор ВЕПРЬ АДП 6,5/3,2-T400/230 ВЯ-БС",202 777 руб
Портативная бензиновая электростанция ВЕПРЬ АБП 10-Т400/230 ВХ-БСГ,203 612 руб
Бензиновый генератор GESAN G 8/10 TFH (электростарт),203 772 руб
Бензиновый генератор GESAN G 8/10 TFH,203 773 руб
Трехфазный дизельный генератор ВЕПРЬ АДП 7/4-T400/230 ВЛ-С,204 117 руб
Дизельная электростанция (генератор) FUBAG DS 11000 A ES,204 729 руб
Бензиновый генератор GEKO 7401 E-AA/HEBA,206 467 руб
Портативная бензиновая электростанция ВЕПРЬ АБП 10-230 ВХ-БСГ,207 679 руб
Дизельная электростанция (генератор) FUBAG DS 14000 DA ES,208 620 руб
Трехфазный дизельный генератор ВЕПРЬ АДП 7/4-T400/230 ВЛ-БС,209 138 руб
Портативная бензиновая электростанция ВЕПРЬ АБП 12-Т400 ВХ-БСГ,211 534 руб
Однофазный дизельный генератор SDMO Diesel 6000 E XL C,218 700 руб
Бензиновый генератор GEKO 7401 ED-AA/HEBA,219 769 руб
Однофазный дизельный генератор EUROPOWER EP 6000 DE,219 990 руб
Дизельный генератор SDMO DIESEL 6000 E XL C M,220 250 руб
Портативная бензиновая электростанция в звукоизолирующем корпусе GEKO 4411 E-AA/HHBA SS,220 800 руб
Бензиновый генератор GESAN G 7 TF H Key (электростарт),222 247 руб
Портативная бензиновая электростанция в звукоизолирующем корпусе GEKO 5411 ED-AA/HHBA SS,224 550 руб
Однофазный дизельный генератор GESAN L 4 MF Key (электростарт),224 734 руб
Портативная бензиновая электростанция GESAN G 10 TFV,233 257 руб
Трехфазный дизельный генератор SDMO Diesel 6500 ТE XL C,241 550 руб
Портативная бензиновая электростанция GEKO 9001 ED-AA/SHBA,241 746 руб
Сварочный дизельный генератор ВЕПРЬ АСПДТ 180-5/230 ВЯ,245 386 руб
Однофазная бензиновая электростанция GESAN G12000H (электростарт),252 179 руб
Однофазная бензиновая электростанция GESAN G12000V (электростарт),252 783 руб
Однофазная бензиновая электростанция EUROPOWER EP 10000 E,259 990 руб
Портативная бензиновая электростанция GESAN G12 TFV (электростарт),260 948 руб
Сварочный дизельный генератор ВЕПРЬ АСПДТ 180-5/230 ВЯ-С,264 046 руб
Портативная бензиновая электростанция GESAN G 10 TF V (Электростарт),266 752 руб
Дизельный генератор GESAN L 10 Key (Электростарт),268 592 руб
Однофазный дизельный генератор GESAN L 4 MF auto (автоматическая),268 965 руб
Портативная бензиновая электростанция в звукоизолирующем корпусе GEKO 4411 E-AA/HEBA SS,271 050 руб
Портативная бензиновая электростанция в звукоизолирующем корпусе GEKO 7411 ED-AA/HHBA SS,273 975 руб
Сварочный генератор SDMO WELDARC 180 DE C,277 389 руб
Портативная бензиновая электростанция в звукоизолирующем корпусе GEKO 5411 ED-AA/HEBA SS,277 950 руб
Бензиновая электростанция EUROPOWER EP 13500TE,279 990 руб
Газовый генератор REG GG10000S(кожух),280 609 руб
Однофазный бензиновый генератор GESAN G 5000 H auto (автоматическая),284 686 руб
Однофазный дизельный генератор GESAN L 6 MF Key (электростарт),288 398 руб
Бензиновый генератор FOGO FV 10001 RTE,291 571 руб
Однофазный бензиновый генератор SDMO TECHNIC 10000 E AVR ,294 600 руб
Трехфазный бензиновый генератор SDMO Technic 15000 TE AVR ,297 400 руб
Бензиновый генератор FOGO FV 11001 RTE,299 128 руб
Однофазная бензиновая электростанция EUROPOWER EP 12000 E,299 990 руб
Бензиновый генератор GESAN G 5 TF H auto (автоматическая),305 193 руб
"Сварочный дизельный генератор ВЕПРЬ АСПДВ 220/6,5/3,5-Т400/230 ВЛ-С",306 033 руб
Портативная бензиновая электростанция в звукоизолирующем корпусе GEKO 7411 ED-AA/HEBA SS,309 975 руб
Бензиновая электростанция EUROPOWER EP 16000TE,319 990 руб
Портативная бензиновая электростанция GEKO 9001 ED-AA/SEBA,320 925 руб
Трехфазный бензиновый генератор SDMO Technic 15000 TE ,327 450 руб
Однофазный бензиновый генератор HONDA EU70 IS,331 800 руб
Трехфазный бензиновый сварочный генератор SDMO Weldarc 300 TE XL C,332 300 руб
Портативная бензиновая электростанция GEKO 12000 ED-S/SEBA S,333 124 руб
Портативная бензиновая электростанция GEKO 9000 ED-AA/SEBA SS,342 956 руб
Портативная бензиновая электростанция GEKO 13001 ED-S/SEBA,345 269 руб
Сварочный дизельный генератор ВЕПРЬ АСПДT200-6/230 ВЛ-С,348 482 руб
Портативная бензиновая электростанция GESAN G 12 TF H (электрозапуск),353 710 руб
Однофазный дизельный генератор ВЕПРЬ АДП 8-230 ВЛ-БС,353 870 руб
Бензиновый  генератор  Europower EPS 6000E,359 990 руб
Бензиновый генератор GESAN G 7 TF H auto (автоматическая),360 615 руб
Трехфазный дизельный генератор SDMO Weldarc 300 TDE XL C,365 150 руб
Аварийный дизельный генератор ВЕПРЬ АДА 8-230 РЛ,368 081 руб
Аварийный дизельный генератор ВЕПРЬ АДА 8-230 РЛ в шумозащитном кожухе,368 081 руб
Однофазная дизельная электростанция ВЕПРЬ АДП 12-230 ВЛ-БС,368 834 руб
Портативная бензиновая электростанция GESAN G 10 TFV (автоматическая),369 292 руб
Бензиновая мини-электростанция HONDA EM10000,373 800 руб
Дизельный генератор GEKO 7801 E-AA/ZEDA,377 925 руб
Дизельный генератор GEKO 7801 ED-AA/ZEDA,377 925 руб
Сварочный бензиновая электростанция EUROPOWER EP 250XE,379 990 руб
Однофазная бензиновая электростанция GESAN G 12000 H (электростарт),381 902 руб
Портативная бензиновая электростанция ВЕПРЬ АБП 20-Т400 ВБ-БС,389 397 руб
Бензиновая мини-электростанция HONDA ET12000 RG,389 800 руб
Однофазный дизельный генератор GESAN L 6 MF auto (автоматическая),397 189 руб
Однофазная дизельная электростанция ВЕПРЬ АДП 10-230 ВЛ-БС,398 090 руб
Портативный дизельный генератор GESAN L 6 auto (автоматическая),398 589 руб
Трехфазный дизельный генератор ВЕПРЬ АДП 12-Т400 ВЛ-БС,405 471 руб
Бензиновый  генератор  Europower EPS 10000E,419 990 руб
Однофазная дизельная электростанция SDMO Diesel 10000 E XL C ,424 180 руб
Аварийный дизельный генератор ВЕПРЬ АДА 8.5-Т400 РЯ,426 406 руб
Бензиновый генератор FOGO FV 17001 RTE,432 364 руб
Трехфазная дизельная электростанция SDMO Diesel 15000 TE XL C,433 200 руб
Портативная бензиновая электростанция GESAN G 12 TF H auto (автоматическая),438 522 руб
Однофазная бензиновая электростанция GESAN G12000V auto (автоматическая),445 250 руб
Газовый генератор REG G12-1-RE-LF,448 000 руб
Газовый генератор REG G15-3-RE-LF,448 000 руб
Однофазный дизельный генератор Kipor KDE 19STA,448 435 руб
Сварочный бензиновая электростанция EUROPOWER EP 300XE,449 990 руб
Аварийный дизельный генератор ВЕПРЬ АДА 10-Т400 РЛ,450 079 руб
Аварийный дизельный генератор ВЕПРЬ АДА 10-Т400 РЛ в шумозащитном кожухе,450 079 руб
Портативный дизельный генератор GESAN L 12 Key (электростарт),456 343 руб
Однофазная бензиновая электростанция GESAN G 12000 H auto (автоматическая),461 568 руб
Портативная бензиновая электростанция GESAN G12 TF V auto (автоматическая),467 967 руб
Трехфазная дизельная электростанция SDMO Diesel 15000 TE AVR SILENCE,471 200 руб
Однофазная бензиновая электростанция GESAN G10000V auto (автоматическая),474 282 руб
Газовый генератор REG G12-1-RE-LS ( в кожухе),475 000 руб
Газовый генератор REG G15-3-RE-LS  (в кожухе),475 000 руб
Трехфазный бензиновый генератор SDMO Technic 20000 TE  AVR C,482 750 руб
Бензиновый  генератор  Europower EPS 12000E,489 990 руб
Портативная бензиновая электростанция в звукоизолирующем корпусе GEKO 14000 ED-S/SEBA,499 685 руб
Однофазная бензиновая электростанция EUROPOWER EP 16000 E,499 990 руб
Аварийный дизельный генератор ВЕПРЬ АДА 10-230 РЯ,508 389 руб
Газовый генератор REG G18-1-RE-LF,533 000 руб
Газовый генератор REG G22-3-RE-LF,533 000 руб
Генераторная установка SDMO DIESEL 10000 E SILENCE,538 950 руб
Аварийная дизельная электростанция ВЕПРЬ АДА 13.5-Т400 РЯ,539 756 руб
Портативный дизельный генератор GESAN L 12 auto (автоматическая),547 873 руб
Дизельный генератор GEKO 10010 ED-S/ZEDA,560 925 руб
Аварийный дизельный генератор ВЕПРЬ АДА 7-230 РЯ в шумозащитном кожухе,561 682 руб
Аварийный дизельный генератор ВЕПРЬ АДА 8.5-Т400 РЯ в шумозащитном кожухе,561 682 руб
Аварийная дизельная электростанция ВЕПРЬ АДА 15-230 РЛ,563 548 руб
Аварийная дизельная электростанция ВЕПРЬ АДА 16-Т400 РЯ,563 548 руб
Газовый генератор REG G18-1-RE-LS (в кожухе),565 000 руб
Газовый генератор REG G22-3-RE-LS   (в кожухе),565 000 руб
Аварийный дизельный генератор ВЕПРЬ АДА 12-230 РЯ,567 280 руб
Дизельный генератор GEKO 10010 E-S/ZEDA,571 200 руб
Трехфазный бензиновый генератор SDMO TECHNIC 7500 TE AVR ,586 700 руб
Газовый генератор АГП 10-230 ВХ-СГ REG,593 597 руб
Газовый генератор АГП 20-Т400 ВБ-БС REG,593 597 руб
Однофазный дизельный генератор SDMO T 9 KM,594 900 руб
Однофазный дизельный генератор SDMO K10M,597 696 руб
Стационарный дизельный генератор ВЕПРЬ АДС 8-230 РЯ,600 869 руб
Стационарный дизельный генератор ВЕПРЬ АДС 10-Т400 РЯ,625 127 руб
Аварийная дизельная электростанция ВЕПРЬ АДА 20-Т400 РЛ,626 993 руб
Аварийная дизельная электростанция ВЕПРЬ АДА 20-230 РЛ,635 391 руб
Трехфазная дизельная электростанция SDMO K9 ,637 723 руб
Портативная дизельная электростанция GESAN L 20 Key (электростарт),638 563 руб
Портативная бензиновая электростанция в низкошумном исполнении GEKO 14000 ED-S/SEBA,638 700 руб
Сварочная бензиновая электростанция ВЕПРЬ АСПБВ400-10/4-Т400/230 ВБ-БС,645 187 руб
Аварийная дизельная электростанция ВЕПРЬ АДА 15-230 РЯ,646 121 руб
Аварийная дизельная электростанция ВЕПРЬ АДА 25-Т400 РЛ,648 453 руб
Портативная бензиновая электростанция в звукоизолирующем корпусе GEKO 18000 ED-S/SEBA,654 075 руб
Однофазный дизельный генератор SDMO T 12 KM,654 200 руб
Дизельный генератор TOYO TG-19TPC в декоративном кожухе,677 964 руб
Аварийная дизельная электростанция ВЕПРЬ АДА 13.5-Т400 РЯ в шумозащитном кожухе,678 590 руб
Аварийная дизельная электростанция ВЕПРЬ АДА 13.5-Т400 РЯ в кожухе,678 590 руб
Аварийная дизельная электростанция ВЕПРЬ АДА 13.5-Т400 РЯ в шумозащитном кожухе,678 590 руб
Аварийная дизельная электростанция ВЕПРЬ АДА 20-Т400 РЯ,680 176 руб
Стационарный дизельный генератор ВЕПРЬ АДС 12-230 РЯ,681 109 руб
"Трехфазный дизельный генератор FG WILSON P9,5-4 откр.",683 639 руб
Аварийная дизельная электростанция ВЕПРЬ АДА 20-230 РЯ,697 903 руб
Бензиновая электростанция EUROPOWER EP 20000TE,699 990 руб
Аварийная дизельная электростанция ВЕПРЬ АДА 15-230 РЛ,715 631 руб
Аварийная дизельная электростанция ВЕПРЬ АДА 25-230 РЛ,715 631 руб
Трехфазный дизельный генератор в шумозащитном кожухе SDMO T 12 K-IV,729 067 руб
Аварийная дизельная электростанция ВЕПРЬ АДА 25-Т400 РЯ,731 492 руб
Стационарный дизельный генератор ВЕПРЬ АДС 8-230 РЯ в шумозащитном кожухе,737 091 руб
"Трехфазный дизельный генератор FG WILSON P13,5-6 откр.",744 617 руб
Аварийная дизельная электростанция ВЕПРЬ АДА 31.5-Т400 РЛ,751 086 руб
Газовый генератор REG G23-1-RE-LF,754 000 руб
Трехфазный дизельный генератор FG WILSON P11-6S откр.,756 720 руб
Аварийный дизельный генератор ВЕПРЬ АДА 10-230 РЯ в шумозащитном кожухе,763 215 руб
Стационарный дизельный генератор ВЕПРЬ АДС 10-Т400 РЯ в шумозащитном кожухе,763 215 руб
Портативная дизельная электростанция GESAN L 20 auto (автоматическая),763 682 руб
Аварийная дизельная электростанция ВЕПРЬ АДА 12-230 РЯ в шумозащитном кожухе,767 414 руб
Трехфазная дизельная электростанция ВЕПРЬ АДС 20-Т400 РЯ,774 412 руб
Аварийная дизельная электростанция ВЕПРЬ АДА 16-Т400 РЯ в шумозащитном кожухе,775 345 руб
Однофазный дизельный генератор ВЕПРЬ АДС 16-230 РЯ,783 742 руб
Газовый генератор REG G23-1-RE-LS  (в кожухе),793 000 руб
Газовый генератор REG G29-3-RE-LF,793 000 руб
Газовый генератор REG G29-3-RE-LS  (в кожухе),793 000 руб
Дизельный генератор TOYO TG-40TPC в декоративном кожухе,798 640 руб
Однофазный дизельный генератор в шумозащитном кожухе SDMO T 12 KM-IV,800 350 руб
Портативная дизельная электростанция GESAN L 30 Key (электростарт),803 737 руб
Однофазный дизельный генератор в шумозащитном кожухе SDMO T 9 KM-IV,805 855 руб
Дизельный генератор TOYO TG-30SPC в декоративном кожухе,812 176 руб
Однофазный дизельный генератор FG WILSON P14-6S откр.,815 232 руб
Газовый генератор REG G29-1-RE-LF,819 000 руб
Газовый генератор REG G36-3-RE-LF,819 000 руб
Газовые генераторы REG G39-3-RE-LF,819 000 руб
Стационарный дизельный генератор ВЕПРЬ АДС 12-230 РЯ в шумозащитном кожухе,830 393 руб
Трехфазный дизельный генератор SDMO J44K,834 250 руб
Аварийная дизельная электростанция ВЕПРЬ АДА 31.5-Т400 РЯ,847 188 руб
Аварийная дизельная электростанция ВЕПРЬ АДА 20-Т400 РЯ в шумозащитном кожухе,866 781 руб
Аварийная дизельная электростанция ВЕПРЬ АДА 38-Т400 РА,871 446 руб
Аварийная дизельная электростанция ВЕПРЬ АДА 15-230 РЛ в шумозащитном кожухе,877 044 руб
Дизельный генератор TOYO TG-47TPC в декоративном кожухе,892 261 руб
Газовый генератор REG G29-1-RE-LS  (в кожухе),903 000 руб
Газовый генератор REG G36-3-RE-LS (в кожухе),903 000 руб
Газовые генераторы REG G39-3-RE-LS (в кожухе),903 000 руб
Трехфазная дизельная электростанция ВЕПРЬ АДС 35-Т400 РЯ,905 035 руб
Трехфазная дизельная электростанция ДГУ VMTEC SPS 100,906 660 руб
Аварийная дизельная электростанция ВЕПРЬ АДА 20-Т400 РЛ в шумозащитном кожухе,908 767 руб
Портативная дизельная электростанция GESAN L 30 auto (автоматическая),919 031 руб
Аварийная дизельная электростанция ВЕПРЬ АДА 15-230 РЯ в шумозащитном кожухе,928 827 руб
Аварийная дизельная электростанция ВЕПРЬ АДА 25-Т400 РЛ в шумозащитном кожухе,930 227 руб
Трехфазная дизельная электростанция ВЕПРЬ АДС 15-Т400 РЯ в шумозащитном кожухе,941 796 руб
Аварийная дизельная электростанция ВЕПРЬ АДА 38-Т400 РЯ,949 820 руб
Однофазный дизельный генератор ВЕПРЬ АДС 16-230 РЯ в шумозащитном кожухе,957 285 руб
Трехфазная дизельная электростанция ВЕПРЬ АДС 20-Т400 РЯ в шумозащитном кожухе,961 017 руб
Трехфазная дизельная электростанция ВЕПРЬ АДС 45-Т400 РЯ,975 012 руб
Аварийная дизельная электростанция ВЕПРЬ АДА 20-230 РЯ в шумозащитном кожухе,975 945 руб
Аварийная дизельная электростанция ВЕПРЬ АДА 31.5-Т400 РЛ в шумозащитном кожухе,979 677 руб
Трехфазная дизельная электростанция SDMO K33 ,988 168 руб
Дизельный генератор TOYO TG-40TBS в шумозащитном кожухе,1 000 713 руб
Трехфазная дизельная электростанция SDMO T44K,1 002 816 руб
Аварийная дизельная электростанция ВЕПРЬ АДА 25-Т400 РЯ в шумозащитном кожухе,1 004 402 руб
Трехфазная дизельная электростанция в шумозащитном кожухе SDMO K44-IV,1 020 637 руб
Дизельный генератор TOYO TG-30SBS в шумозащитном кожухе,1 026 815 руб
Дизельный генератор TOYO TG-28TBS в шумозащитном кожухе,1 052 646 руб
Трехфазная дизельная электростанция ДГУ VMTEC SPS 135,1 068 120 руб
Аварийная дизельная электростанция ВЕПРЬ АДА 31.5-Т400 РЯ в шумозащитном кожухе,1 074 846 руб
Аварийная дизельная электростанция ВЕПРЬ АДА 38-Т400 РА в шумозащитном кожухе,1 074 846 руб
Аварийная дизельная электростанция ВЕПРЬ АДА 25-230 РЛ в шумозащитном кожухе,1 078 112 руб
Аварийная дизельная электростанция ВЕПРЬ АДА 38-Т400 РЯ в шумозащитном кожухе,1 112 167 руб
Трехфазная дизельная электростанция ВЕПРЬ АДС 35-Т400 РЯ в шумозащитном кожухе,1 112 167 руб
Газовый генератор REG G58-3-RE-LF,1 118 000 руб
Дизельный генератор TOYO TG-47TBS в шумозащитном кожухе,1 126 531 руб
Трехфазная дизельная электростанция ВЕПРЬ АДС 55-Т400 РЯ,1 168 615 руб
Аварийная дизельная электростанция ВЕПРЬ АДА 25-230 РЯ в шумозащитном кожухе,1 170 015 руб
Трехфазная дизельная электростанция ВЕПРЬ АДС 45-Т400 РЯ в шумозащитном кожухе,1 184 943 руб
Дизельный генератор SDMO J44K-IV в кожухе,1 202 577 руб
Трехфазная дизельная электростанция в шумозащитном кожухе SDMO J 66 K-IV,1 259 398 руб
Трехфазная дизельная электростанция SDMO J 130 K,1 390 700 руб
Трехфазная дизельная электростанция ВЕПРЬ АДС 55-Т400 РЯ в шумозащитном кожухе,1 479 779 руб
Трехфазная дизельная электростанция ВЕПРЬ АДС 120-Т400 РК,1 548 823 руб
Трехфазная дизельная электростанция ВЕПРЬ АДС 85-Т400 РД,1 632 796 руб
Трехфазная дизельная электростанция ВЕПРЬ АДС 105-Т400 РД,1 763 419 руб
Трехфазная дизельная электростанция SDMO J 165 K,1 832 300 руб
Трехфазная дизельная электростанция ВЕПРЬ АДС 85-Т400 РД в шумозащитном кожухе,1 882 846 руб
Трехфазная дизельная электростанция ВЕПРЬ АДС 120-Т400 РК в шумозащитном кожухе,1 884 713 руб
Трехфазная дизельная электростанция SDMO D275II,2 032 250 руб
Трехфазная дизельная электростанция в шумозащитном кожухе SDMO J 130 K-IV,2 072 997 руб
Трехфазная дизельная электростанция (генератор) SDMO J 200 K,2 078 900 руб
Трехфазная дизельная электростанция SDMO D 330II,2 145 200 руб
Трехфазная дизельная электростанция ВЕПРЬ АДС 105-Т400 РД в шумозащитном кожухе,2 215 937 руб
Трехфазная дизельная электростанция SDMO J 220K,2 222 561 руб
Трехфазная дизельная электростанция в шумозащитном кожухе SDMO J 165 K-IV,2 305 134 руб
Трехфазная дизельная электростанция ВЕПРЬ АДС 135-Т400 РД,2 359 623 руб
Трехфазная дизельная электростанция в кожухе SDMO J 220K-IV,2 619 937 руб
Трехфазная дизельная электростанция ВЕПРЬ АДС 135-Т400 РД в шумозащитном кожухе,2 780 417 руб
Трехфазная дизельная электростанция SDMO V 350С2,3 357 200 руб
Трехфазная дизельная электростанция ВЕПРЬ АДС 230-Т400 РД,3 669 125 руб
Трехфазная дизельная электростанция в шумозащитном кожухе SDMO V 715 C2-IV,3 750 200 руб
Трехфазная дизельная электростанция ВЕПРЬ АДС 230-Т400 РД в шумозащитном кожухе,4 058 663 руб
Дизельная электростанция Kipor KDE625SS3,4 742 717 руб
Трехфазная дизельная электростанция SDMO V 550 C2,5 018 500 руб
Трехфазная дизельная электростанция в шумозащитном кожухе SDMO V 550 C2-IV,5 018 500 руб
Дизельная электростанция Kipor KDE690SS3,5 740 651 руб
Трехфазная дизельная электростанция ВЕПРЬ АДС 400-Т400 РД,6 768 637 руб
Трехфазная дизельная электростанция ВЕПРЬ АДС 600-Т400 РК,7 366 520 руб
Бензиновый генератор Geko BL3000 E-S/SHBA,36 680 руб
Бензиновый генератор Geko P 3000 E-A/SHBA,37 013 руб
Цифровая инверторная электростанция FUBAG TI 3200,53 960 руб
Бензиновый генератор Geko BL4000 E-S/SHBA,66 570 руб
Бензиновый генератор Geko BL5000 ED–S/SHBA,89 390 руб
Цифровая инверторная электростанция FUBAG TI 7000 A ES,89 586 руб
Бензиновый генератор Geko BL7000 ED–S/SHBA,98 910 руб
Трёхфазный бензиновый генератор HONDA ECT 7000 GV,102 300 руб
Однофазный бензиновый генератор HONDA EG 5500CXS RG,130 600 руб
Трехфазный бензиновый генератор SDMO TECHNIC 7500 TE,159 350 руб
Портативная бензиновая электростанция ВЕПРЬ АБП 16-230 ВБ-БС,360 884 руб
Газовый электрогенератор ФАС-8-1/ВП FASENERGOMASH,370 000 руб
Газовый электрогенератор ФАС-10-1/ВП FASENERGOMASH,375 000 руб
Газовый электрогенератор ФАС-13-1/ВП FASENERGOMASH,390 000 руб
Газовый электрогенератор ФАС-13-3/ВП FASENERGOMASH,410 000 руб
Газовый электрогенератор ФАС-15-1/ВР FASENERGOMASH,430 000 руб
Газовый электрогенератор ФАС-15-3/ВР FASENERGOMASH,440 000 руб
Газовый электрогенератор ФАС-18-1/ВР FASENERGOMASH,460 000 руб
Газовый электрогенератор ФАС-18-3/ВР FASENERGOMASH,460 000 руб
Газовый электрогенератор ФАС-21-1/ВП FASENERGOMASH,550 000 руб
Газовый электрогенератор ФАС-21-3/ВР FASENERGOMASH,550 000 руб
Газовый электрогенератор ФАС-24-3/ВР FASENERGOMASH,570 000 руб
Трехфазная дизельная электростанция SDMO T 12 K,586 700 руб
Газовый электрогенератор ФАС-28-3/ВП FASENERGOMASH,610 000 руб
Газовый электрогенератор ФАС-32-3/ВП FASENERGOMASH,650 000 руб
Трехфазная дизельная электростанция ВЕПРЬ АДС 15-Т400 РЯ,736 904 руб
Трехфазный дизельный генератор SDMO J22,765 000 руб
Дизельный генератор SDMO J33,789 250 руб
Газовый электрогенератор ФАС-35-3/ЗР FASENERGOMASH,850 000 руб
Газовый электрогенератор ФАС-40-3/ЗР FASENERGOMASH,900 000 руб
Когенерационная установка ФАС-ТМ100 FASENERGOMASH,950 000 руб
Трехфазная дизельная электростанция SDMO J 66 K ,1 062 623 руб
Газовый электрогенератор ФАС-40-3/М FASENERGOMASH,1 140 000 руб
Трехфазная дизельная электростанция SDMO J 88 K,1 148 088 руб
Газовый электрогенератор ФАС-50-3/М FASENERGOMASH,1 240 000 руб
Когенерационная установка ФАС-ТМ200 FASENERGOMASH,1 750 000 руб
Трехфазная дизельная электростанция в шумозащитном кожухе SDMO V 275 C2-IV,3 689 931 руб
Трехфазная дизельная электростанция SDMO V 500C2,4 494 500 руб
Трехфазная дизельная электростанция в шумозащитном кожухе SDMO V 500 C2-IV,4 494 800 руб
Регулятор напряжения Leroy-Somer R250/AVR R250,9 035 руб
Двигатель GX 160 аналог Honda GX 160 (Хонда GX 160) Тип Q (D=19.05 mm),9 035 руб
Регулятор напряжения Leroy-Somer R438/ R438 AVR,9 383 руб
Реверсивный рубильник YES1-160GA/4P In125A,10 078 руб
Реверсивный рубильник (Блок ATS) SKX2 100A,10 564 руб
Регулятор напряжения Leroy-Somer R448/R448 AVR,11 009 руб
Регулятор напряжения Leroy-Somer R449/R449 AVR,11 009 руб
Реверсивный рубильник YES1-100GA/4P In63A,11 372 руб
Система эл.подогрева блока двигателя 20-230 кВт,12 240 руб
Реверсивный рубильник (Блок ATS) SKX2 63A,12 901 руб
Реверсивный рубильник YES1-160GA/4P In160A,12 997 руб
Бензогенератор инверторный TSS SGGX 1000i,13 205 руб
Реверсивный рубильник SQ5-160/4 ~400V In125A,13 216 руб
Реверсивный рубильник SQ5-160/4 ~400V In160A,13 452 руб
Двигатель GX 160 аналог Honda GX 160 (Хонда GX 160) (D=20 mm),13 500 руб
Система эл.подогрева блока двигателя 250-320 кВт,13 532 руб
Двигатель GX 390 аналог Honda GX 390 (Хонда GX 390) Тип S (D=25.0 mm),13 570 руб
"Регулятор напряжения TSS AVR SX440 ( EA440, ZL440D)",13 900 руб
Реверсивный рубильник YES1-250GA/4P In250A,14 109 руб
"Подогрев картера (гибкая нагревающая пластина, 220В), комплект с установкой",14 200 руб
Система эл.подогрева блока двигателя 350-600 кВт,14 824 руб
Маркиза клапана 1000х1000,15 000 руб
Бензогенератор TSS SGGX 2500E,15 470 руб
"Регулятор напряжения ""Mark I"" (M40FA640A)/ ""Mark I"" (M40FA640A) AVR",15 930 руб
Реверсивный рубильник (Блок ATS) SKT1 125A,16 124 руб
Реверсивный рубильник (Блок ATS) SKT1 160A,16 889 руб
Регулятор напряжения Mark I; V (M16FA655A),17 375 руб
Регулятор напряжения MX321/ AVR MX321,17 375 руб
Бензогенератор TSS SGG 3000 EF,17 641 руб
Контроллер SMARTGEN HGM-6120,17 877 руб
Регулятор напряжения U.V.R.6 / U.V.R.6 AVR,18 116 руб
Маркиза клапана 1200х1200,18 500 руб
Бензогенератор TSS SGG 2800L,18 557 руб
Бак топливный 500л пластиковый,18 600 руб
Регулятор напряжения (WT-2) AVR ENGGA (222053),18 765 руб
Двигатель GX35 аналог Honda GX35 (Хонда GX 35),18 765 руб
Реверсивный рубильник (Блок ATS) SKT1 250A,20 016 руб
Бензогенератор TSS SGG 2800EN,20 345 руб
Контроллер SMARTGEN HGM-9320 MPU,21 653 руб
Бензиновый генератор Zongshen KB 2500,21 990 руб
Маркиза клапана 1400х1400,23 500 руб
Регулятор напряжения Leroy-Somer R450/ R450 AVR,23 630 руб
Бензогенератор TSS SGG 2800E,23 908 руб
Бензиновый генератор Zongshen KB 3000,24 990 руб
Бак топливный 800л пластиковый,25 000 руб
Контроллер SMARTGEN HGM-9320 CAN,25 252 руб
Реверсивный рубильник YES1-400GA/4P In400A,27 175 руб
Блок АВР 60 кВт СТАНДАРТ (125А),27 540 руб
"Бензиновый генератор Pramac  EM2800, 230V, 50Hz #Wheel kit",27 600 руб
Блок АВР 8-24 кВт СТАНДАРТ (63А),28 009 руб
Блок АВР 30-50 кВт СТАНДАРТ (100А),28 148 руб
Блок АВР 70-80 кВт СТАНДАРТ (160А),28 424 руб
"Бак топливный 1000л пластиковый, Т1000КЗ",28 500 руб
Реверсивный рубильник YES1-630GA/4P In630A,28 704 руб
Блок АВР 60 кВт ПРОФ (125А),29 648 руб
Бензиновый генератор Zongshen KB 3000 E,29 990 руб
Бензогенератор инверторный TSS SGGX 2000i,30 233 руб
Блок АВР 90-120 кВт СТАНДАРТ (250А),30 532 руб
Блок АВР 70-80 кВт ПРОФ (160А),31 280 руб
"Блок АВР 60 кВт СТАНДАРТ (125А, РКН)",31 552 руб
Реверсивный рубильник SQ5-630/4 ~400V In400A,31 801 руб
"Блок АВР 70-80 кВт СТАНДАРТ (160А, РКН)",32 572 руб
"Блок АВР 8-24 кВт СТАНДАРТ (63А, РКН)",32 596 руб
"Блок АВР 30-50 кВт СТАНДАРТ (100А, РКН)",32 735 руб
Портативный бензиновый генератор ВЕПРЬ АБП 4-230ВФ-БГ Серия Лайт,33 130 руб
"Блок АВР 60 кВт ПРОФ (125А, РКН)",33 660 руб
Реверсивный рубильник SQ5-630/4 ~400V In630A,33 957 руб
Бак топливный 1500л пластиковый,34 000 руб
Блок АВР 90-120кВт ПРОФ (250А),34 000 руб
"Блок АВР 90-120 кВт СТАНДАРТ (250А, РКН)",34 544 руб
"Бензиновый генератор Pramac  WX3200, 230V, 50Hz #AVR #Wheel kit",34 700 руб
ТСС ШУЭ Д 2 - 1/1 12.220.220,34 750 руб
ТСС ШУЭ Д 2 - 1/1 20.220.220,34 750 руб
ТСС ШУЭ Д 2 - 1/1 6.220.220,34 750 руб
ТСС ШУЭ Д 2 - 3/1 10.380.220,34 750 руб
ТСС ШУЭ Д 2 - 3/1 16.380.220,34 750 руб
ТСС ШУЭ Д 2 - 3/1 6.380.220,34 750 руб
ТСС ШУЭ Д 2 - 3/3 10.380.380,34 750 руб
ТСС ШУЭ Д 2 - 3/3 16.380.380,34 750 руб
ТСС ШУЭ Д 2 - 3/3 6.380.380,34 750 руб
"Блок АВР 70-80 кВт ПРОФ (160А, РКН)",35 292 руб
Бензиновый генератор Zongshen KB 5000,35 990 руб
"Бензиновый генератор Pramac PMi1000 inverter, 230V, 50Hz",37 134 руб
Бензогенератор CMG8500E,37 465 руб
EP 200 TDE,37 502 руб
"Блок АВР 90-120кВт ПРОФ (250А, РКН)",37 944 руб
Бензогенератор TSS SGGX 6000E,38 430 руб
Портативный бензиновый генератор ВЕПРЬ АБП 4-230ВФ-БСГ Серия Лайт,38 464 руб
Бензогенератор TSS SGG 5000 EH,39 000 руб
Бензогенератор TSS SGG 6000ENA,39 130 руб
Кожух для станций до 30кВт,39 400 руб
Бензиновый генератор Zongshen KB 6000,39 990 руб
Бак топливный 2000л пластиковый,40 000 руб
"Салазки ПБК-4,5",40 000 руб
"Бензиновый генератор Pramac  EM4000, 230V, 50Hz #Wheel kit",40 300 руб
Блок АВР 8-24кВт ПРОФ (63А),40 658 руб
Портативный бензиновый генератор ВЕПРЬ АБП 5-230ВФ-БСГК Серия Лайт,40 896 руб
Бензиновый генератор Zongshen KB 5000 E,40 990 руб
Система подкачки дизельного топлива из резервного бака,41 500 руб
Бензогенератор TSS SGG 5000 EA,41 535 руб
Реверсивный рубильник (Блок ATS) SKT1 300A,41 772 руб
"Портативный бензиновый генератор ВЕПРЬ АБП 2,2-230 ВХ-Б",41 934 руб
Блок АВР 30-50 кВт ПРОФ (100А),42 048 руб
ПЖД с комплектом для установки TSS-Diesel 8-24кВт (Бинар-5Д),42 300 руб
Бензогенератор TSS SGG 7000ENA,42 445 руб
"Портативный бензиновый генератор ВЕПРЬ АБП 2,7-230 ВХ",42 687 руб
ПЖД с комплектом для установки TSS-Diesel 30кВт до 600кВт,42 700 руб
Бензогенератор TSS SGG 5000 EHA,42 900 руб
ПЖД с комплектом для установки ММЗ (20-60),43 300 руб
ПЖД с комплектом для установки ММЗ (80-100),43 300 руб
Бензогенератор TSS SGG 5000 E,43 368 руб
Портативный бензиновый генератор ВЕПРЬ АБП 6-230ВФ-БГСК Серия Лайт,43 440 руб
Бензогенератор TSS SGG 7000E3NA,43 810 руб
Бензогенератор TSS SGG 6000 EA,44 720 руб
Блок АВР 150-200 кВт СТАНДАРТ (400А),44 744 руб
Бензогенератор TSS SGG 7000 EA,44 915 руб
Бензиновый генератор Zongshen KB 6000 E,44 990 руб
Реверсивный рубильник (Блок ATS) SKT1 630А,45 384 руб
ПЖД с комплектом для установки ЯМЗ,45 400 руб
Дизель генератор DG8500CLE,45 430 руб
Бензогенератор TSS SGG 6000 E,45 453 руб
Бензогенератор TSS SGG 6000 EHA,45 500 руб
Бензогенератор TSS SGG 7000EH3NU,45 630 руб
Кожух для станций до 30кВт,46 000 руб
Бензогенератор TSS SGG 7000 E,46 218 руб
Бензогенератор TSS SGG 7000 EH,46 280 руб
Бензогенератор TSS SGG 6000 E3,46 475 руб
"Блок АВР 8-24кВт ПРОФ (63А, РКН)",46 496 руб
Бензогенератор TSS SGGX 6000 E3,47 052 руб
Бензогенератор TSS SGG 6000 E3A ,47 255 руб
Бензогенератор TSS SGG 6000 EH3,47 255 руб
Бензогенератор TSS SGG 6000 EH3U,47 515 руб
Бензогенератор TSS SGG 7000 E3A,47 775 руб
Бензогенератор TSS SGG 7000 E3,47 775 руб
Контроллер DSE 7320,47 790 руб
Бензогенератор TSS SGG 6000 EH,47 816 руб
"Блок АВР 30-50 кВт ПРОФ (100А, РКН)",47 816 руб
Дизель генератор TSS SDG 4500EH3,47 908 руб
Салазки ПБК-3,48 300 руб
"Блок АВР 150-200 кВт СТАНДАРТ (400А, РКН)",48 756 руб
Дизель генератор TSS SDG 4500EH,49 973 руб
Бензиновый генератор Zongshen KB 7000 E,49 990 руб
"Бензиновый генератор Pramac  NEW PX4000 export, 230V, 50Hz #AVR",50 477 руб
"Бензиновый генератор Pramac PMi2000 inverter, 230V, 50Hz",51 000 руб
Бензогенератор TSS SGG 5000 EA c АВР,51 220 руб
Блок АВР 250-320 кВт СТАНДАРТ (630А),51 408 руб
"Бензиновый генератор Pramac  PX4000, 230V, 50Hz #AVR",51 596 руб
Кожух для станций до 60кВт,51 600 руб
Бензогенератор TSS-SGG 7500ЕA,51 935 руб
Бензогенератор TSS SGG 8000EHNA,51 935 руб
Бензогенератор TSS SGG 7000 EH3,52 056 руб
"Бензиновый генератор Pramac  PMi3000 inverter, 230V, 50Hz",52 400 руб
Бензогенератор TSS SGG 6000 EA с АВР,52 910 руб
Генератор Lifan DG5500-4 дизельный,53 000 руб
Бензогенератор TSS SGG 8000 EH3NA,53 235 руб
Бензиновый генератор Zongshen XB 7003 E,53 990 руб
"Бензиновый генератор Pramac  E3200, 230V, 50Hz",54 600 руб
Система подкачки масла,55 000 руб
"Блок АВР 250-320 кВт СТАНДАРТ (630А, РКН)",55 488 руб
Бензогенератор TSS SGG 6000 E3A с АВР,56 160 руб
Бензогенератор TSS-SGG 7500Е3A,56 420 руб
Кожух для станций до 60кВт,56 700 руб
SDMO HX3000 ,56 900 руб
Бензогенератор TSS SGG 8000EH3NU,57 785 руб
Дизель генератор TSS SDG 5000EH,58 760 руб
Кожух для станций до 100кВт,58 900 руб
Дизель генератор TSS SDG 5000EHA,59 345 руб
Блок АВР 200-320 кВт ПРОФ (630А),59 772 руб
Дизель генератор TSS SDG 6000EH3,60 669 руб
Дизель генератор TSS SDG 6000EH,61 035 руб
Бензогенератор TSS SGG 9000 EHA,61 100 руб
Бензогенератор TSS-SGG 7500ЕН,61 160 руб
Дизель генератор TSS SDG 6000EHA,61 360 руб
Блок АВР 150-160 кВт ПРОФ (300А),62 717 руб
"Блок АВР 150-160 кВт ПРОФ (300А, РКН)",62 717 руб
"Блок АВР 200-320 кВт ПРОФ (630А, РКН)",63 852 руб
Дизель генератор TSS SDG 6000EH3A,64 025 руб
Бензогенератор TSS SGG 9000 EH3A,64 610 руб
Кожух для станций до 100кВт ДхШхВ 2500х1143х1422,65 000 руб
Инверторный бензиновый сварочный генератор TSS GGW 5.0/200ED-R,65 715 руб
Дизель генератор TSS SDGN 7000EH,66 300 руб
Дизель генератор TSS SDG 7000EH,66 300 руб
"Бензиновый генератор Pramac  E4000, 230V, 50Hz",66 338 руб
Газовый генератор Kipor KNE5500E,66 815 руб
TSS-SA-20 электрогенератор для дизель-генераторных установок 20 кВт,66 847 руб
Бензогенератор TSS-SGG 7500Е3,67 068 руб
Салазки ПБК-4,67 100 руб
Бензиновый сварочный генератор TSS GGW 4.5/200E-R,67 210 руб
TSS-SA-30 с SAE 3#10  электрогенератор для дизель-генераторных установок 30кВт,67 850 руб
Бензиновая электростанция с функцией сварки TSS SGW 4000EH,67 925 руб
Дизель генератор TSS SDGN7000EH3,68 120 руб
"Бензиновый генератор Pramac  WX6200ES, 230V, 50Hz #AVR #Wheel kit",68 575 руб
"Бензиновый генератор Pramac  WX6200, 230V, 50Hz #AVR #Wheel kit",68 576 руб
Бензогенератор TSS-SGG 7500ЕН3,68 944 руб
Кожух для станций до 160кВт,70 500 руб
Дизельный сварочный генератор TSS DGW-200E,71 825 руб
Дизель генератор TSS SDG 7000EH3,71 890 руб
"Бензиновый генератор Pramac  ES3000, 230V, 50Hz",72 123 руб
"Бензиновый генератор Pramac  WX6250ES, 400/230V, 50Hz #AVR #Wheel kit",73 465 руб
"Бензиновый генератор Pramac  WX6250, 400/230V, 50Hz #AVR #Wheel kit",73 465 руб
Кожух для станций до 200кВт,73 900 руб
Бензиновая электростанция с функцией сварки TSS SGW 5000EH,74 781 руб
Инверторный бензиновый сварочный генератор TSS GGW 6.0/250ED-R,75 790 руб
Регулятор напряжения ECO38-3LN/4/AVR,76 450 руб
Регулятор напряжения ECO38-3LN/4/AVR,76 450 руб
Бензиновый сварочный генератор TSS PRO GGW 3.0/250E-R,76 570 руб
Дизельный сварочный генератор TSS DW-200,76 895 руб
Инверторный дизельный сварочный генератор TSS DGW 6.0/200ED-R,77 610 руб
"Прицеп одноосный ПСТ 1,2",77 800 руб
Бензиновый сварочный генератор TSS GGW 5.5/250E-R,78 000 руб
Дизельный сварочный генератор TSS DGW 5.0/200E-R,78 118 руб
Дизель генератор TSS SDGN 7000EHS3,78 650 руб
Дизель генератор TSS SDG 5000ES-2R,78 650 руб
Салазки ПБК-5,79 300 руб
Дизельный сварочный генератор в кожухе TSS DGW-200ES,80 665 руб
"Бензиновый генератор Pramac  NEW PX5000 export, 230V, 50Hz #AVR",80 707 руб
Дизельный сварочный генератор TSS PRO DGW 3.0/250E-R,81 770 руб
"Бензиновый генератор Pramac  WX7000, 230V, 50Hz, #AVR #Wheel kit",82 293 руб
Кожух для станций до 160 кВт,82 500 руб
Дизельный сварочный генератор в кожухе TSS DGW-200ESS,83 525 руб
Кожух для станций до 200кВт,84 000 руб
"Бензиновый генератор Pramac  ES4000, 230V, 50Hz",84 900 руб
Дизельный сварочный генератор TSS DGW-250E,84 999 руб
Дизельный сварочный генератор TSS DGW-200ES,85 555 руб
Дизельный сварочный генератор TSS DGW 6.0/250E-R,85 694 руб
"Бензиновый генератор Pramac  ES3000, 230V, 50Hz #AVR",85 745 руб
Инверторный дизельный сварочный генератор TSS DGW 7.0/250ED-R,86 840 руб
SDMO PRESTIGE 3000,87 410 руб
Дизель генератор TSS SDG 6000ES-1R,87 685 руб
Кожух шумозащитный для ММЗ 30-60 кВт,88 000 руб
Салазки ПБК-6,88 000 руб
"Бензиновый генератор Pramac  P2000i, 230V, 50Hz",88 731 руб
Дизельный сварочный генератор TSS DGW-200ESS,88 821 руб
EF 5500 EFW,88 990 руб
Дизель генератор TSS SDG 6000ES-2R,90 025 руб
Прицеп одноосный ПТ 1-1.8 (пл.2000х1100),90 200 руб
Дизельный сварочный генератор TSS DGW 5.0/200ES-R,90 559 руб
Реверсивный рубильник (Блок ATS) SKT1 800A,91 096 руб
Кожух для станций до 250кВт,91 100 руб
Реверсивный рубильник (Блок ATS) SKT1 1000A,91 391 руб
Дизель генератор TSS SDG 6000ES3-2R,92 950 руб
"Бензиновый генератор Pramac  MES5000, 230V, 50Hz",93 100 руб
Кожух для станций до 300кВт,93 500 руб
Прицеп одноосный ПТ 1-1.8 (пл.2500х1350),93 700 руб
Дизельный сварочный генератор в кожухе TSS PRO DGW 3.0/250ES-R,93 795 руб
"Бензиновый генератор Pramac  NEW PX8000 export, 230V, 50Hz #AVR",94 236 руб
Дизельный сварочный генератор TSS DGW-250ES,94 868 руб
ЕР 5000 T 3X230V для ж/д,95 990 руб
Дизельный сварочный генератор TSS DGW-250ESS,97 300 руб
Дизельный сварочный генератор TSS DGW 6.0/250ES-R,98 482 руб
EF 7200 E,98 990 руб
Кожух шумоизолированный под раму 705,100 000 руб
"Бензиновый генератор Pramac  ES4000, 230V, 50Hz #AVR",101 607 руб
Реверсивный рубильник (Блок ATS) SKT1 1250A,102 235 руб
Бензиновый генератор SDMO HXC 6000 ,104 450 руб
"Бензиновый генератор Pramac  PX8000, 400/230V, 50Hz, CE standart",105 525 руб
"Бензиновый генератор Pramac  NEW PX8000 export, 400/230V, 50Hz #AVR",105 525 руб
"Бензиновый генератор Pramac  ES5000, 230V, 50Hz",105 600 руб
EUROPOWER ЕР 6000 LN,105 990 руб
"Бензиновый генератор Pramac  E5000, 230V, 50Hz",105 992 руб
Реверсивный рубильник (Блок ATS) SKT1 1600A,107 934 руб
ЕР 6500 T 3X230V для ж/д,109 990 руб
Бензогенератор TSS-SGG-7500Е в кожухе МК-1,112 385 руб
Кожух для станций до 250кВт,112 700 руб
Кожух для станций до 300кВт,113 000 руб
"Однофазный дизельный генератор ВЕПРЬ АДП 2,2-230 ВЯ-Б",114 309 руб
"Бензиновый генератор Pramac  MES8000, 230V, 50Hz",114 700 руб
TSS DIesel TDQ 15 4L,115 050 руб
Блок АВР 350-400 кВт ПРОФ (800А),115 464 руб
SDMO PERFORM 7500T,117 281 руб
Виброопора (PDH 62/35/90 M10 NR60),834 руб
Амортизатор двигателя для АД-80 (PDH 85/35/110 M12 NR60),904 руб
Виброопора (PDH 78/35/110 M10 NR60),904 руб
Виброопора (PDH 92/38/125 M14 NR60),973 руб
Амортизатор двигателя для АД-150 (PDH 100/38/133 M16 NR60),1 390 руб
Амортизатор двигателя для АД-200 ( PDH 106/38/143 .M16 NR60),1 460 руб
Регулятор напряжения GAVR-8A/ GAVR-8A AVR,1 652 руб
Амортизатор двигателя для АД-300 (PDH 125/45/156 M18 NR60),2 294 руб
Регулятор напряжения GAVR-12A / GAVR-12A AVR,2 360 руб
"Амортизатор двигателя для АД-450 ( PDH 150/50/183, M20 NR60)",2 711 руб
Регулятор напряжения GAVR-15A / GAVR-15A AVR,4 170 руб
Регулятор напряжения Leroy-Somer R230/ AVR R230,4 865 руб
Контроллер DKG 105,5 501 руб
Регулятор напряжения AS440/ AVR AS440,6 255 руб
Система подзарядки аккумулятора,6 700 руб
"Адаптер для SMARTGEN SG72 (USB-Link, RS-485, RS-232)",6 785 руб
Насадка топливозаборная обогреваемая (с установкой),7 000 руб
Двигатель GX 160 аналог Honda GX 160 (Хонда GX 160) тип S (D=20 mm),7 298 руб
Реверсивный рубильник SQ5-100/4 ~400V In100A,7 552 руб
Двигатель GX200 аналог Honda GX200 (Хонда GX 200) тип S (D=20 mm),7 993 руб
Маркиза клапана 600х600,8 000 руб
Реверсивный рубильник SQ5-100/4 ~400V In63A,8 064 руб
Адаптер RS-485 для контроллера SMARTGEN,8 190 руб
Бензогенератор TSS SGG 1000L,8 260 руб
Регулятор напряжения MX341/ AVR MX341,8 340 руб
Регулятор напряжения TSS SA-30/AVR SX460,8 340 руб
Регулятор напряжения SR7-2G / SR7-2G AVR,8 340 руб
Реверсивный рубильник YES1-100GA/4P In100A,8 757 руб
Двигатель бензиновый Lifan 154F для электростанции,9 000 руб
Маркиза клапана 800х800,9 000 руб
Блок АВР 450-500 кВт ПРОФ (1000А),118 864 руб
"Бензиновый генератор Pramac  ES5000, 230V, 50Hz #AVR",119 238 руб
Блок АВР 600 кВт ПРОФ (1250А),119 408 руб
TSS DIesel TDL 16 2L,119 540 руб
"Блок АВР 350-400 кВт ПРОФ (800А, РКН)",119 544 руб
TSS DIesel TDQ12 3L (L-12),120 776 руб
"Бензиновый генератор Pramac  ES8000, 230V, 50Hz",121 400 руб
"Блок АВР 450-500 кВт ПРОФ (1000А, РКН)",123 012 руб
"Блок АВР 600 кВт ПРОФ (1250А, РКН)",123 488 руб
TSS DIesel TDL 17 2L,123 710 руб
TSS DIesel TDL 19 2L,126 490 руб
Бензогенератор TSS SGG 10000 EHA,129 350 руб
EUROPOWER ЕР 6000 LNE,129 990 руб
Прицеп одноосный ПСА-1.2Т (платформа 2500х1150),132 200 руб
Прицеп одноосный ПСА-1.3Т (платформа 2000х1300),132 200 руб
Бензогенератор TSS SGG 10000 EH3A,132 275 руб
"Бензиновый генератор Pramac  E8000, 230V, 50Hz",133 889 руб
"Бензиновый генератор Pramac  MES8000, 400/230V, 50Hz",134 916 руб
"Бензиновый генератор Pramac  E5000, 400/230V, 50Hz",135 289 руб
EP 2800 D,135 990 руб
"Бензиновый генератор Pramac  ES8000, 230V, 50Hz #AVR",136 147 руб
Бензогенератор TSS SGG 10000 EHC,136 435 руб
 SDMO Diesel 4000 C ,138 100 руб
K4100DS,138 305 руб
Блок АВР 650 кВт ПРОФ (1600А),139 196 руб
Кожух для станций до 500кВт,139 500 руб
Бензиновый генератор Zongshen XB 12000 EA,139 990 руб
"Дизельный генератор Pramac PMD5000s, 230V, 50Hz, #AVR,  Battery EC",141 260 руб
"TSS-SA-80(E) SAE 2/11,5 (М6) электрогенератор для дизель-генераторных установок 80 кВт",141 718 руб
"Бензиновый генератор Pramac  ES5000, 400/230V, 50Hz",141 727 руб
K4102DS,141 780 руб
Бензогенератор TSS SGG 10000EH,142 058 руб
"Дизельный генератор Pramac PMD5050s, 400/230V, 50Hz, #AVR,  Battery EC",142 900 руб
Бензогенератор TSS SGG 10000 EHC3,142 935 руб
"TSS-SA-80 SAE 3/11,5 (М1) электрогенератор для дизель-генераторных установок 80 кВт",142 957 руб
"Блок АВР 650 кВт ПРОФ (1600А, РКН)",143 276 руб
"TSS-SA-100 SAE 3/11,5 (М1,2) ",143 311 руб
TSS DIesel TDL 23 3L,145 950 руб
ЕР 6500 TLN,145 990 руб
Бензогенератор TSS SGG 12000 EHA,146 640 руб
Бензогенератор TSS SGG 10000EH3,149 147 руб
Бензогенератор TSS SGG 12000 EH3A,149 175 руб
TSS DIesel TDK-N 56 4LT (N4105ZDS),149 270 руб
Бензиновый генератор Zongshen XB 12003 EA,149 990 руб
EP 6500 TE,149 990 руб
ЕР 200 Х2 DC,149 990 руб
N4105DS,150 815 руб
"Бензиновый генератор Pramac  ES5000, 400/230V, 50Hz #AVR",151 617 руб
TSS DIesel TDL 32 3L,152 900 руб
"TSS-SA-100(E) SAE 2/11,5 (М17) электрогенератор для дизель-генераторных установок 100 кВт",153 754 руб
K4100ZDS,154 985 руб
Блок АВР 350-400 кВт ПРОФ (800А),155 052 руб
"Бензиновый генератор Pramac  E8000, 400/230V, 50Hz",155 535 руб
"Дизельный генератор Pramac E4500, 230V, 50Hz",155 900 руб
TSS DIesel TDQ 20 4L (с радиатором),156 645 руб
"Бензиновый генератор Pramac  ES8000, 400/230V, 50Hz",156 748 руб
"Прицеп одноосный ПСА - 1,8т",158 100 руб
"Однофазный дизельный генератор ВЕПРЬ АДП 6,5/3,2-Т400/230 ВЯ",158 685 руб
Кожух для станций до 500кВт,159 500 руб
ЕР 200 Х1 AC,159 990 руб
Блок АВР 450-500 кВт ПРОФ (1000А),162 368 руб
"Блок АВР 350-400 кВт ПРОФ (800А, РКН)",163 371 руб
TSS DIesel TDK-N 66 4LT (N4105ZLDS),165 200 руб
ЕР 200 Х DC 3X230V для ж/д,165 990 руб
TSS Diesel TDK 100 6LT (R 6105ZLD1),166 100 руб
"Бензиновый генератор Pramac  ES8000, 400V, 50Hz #AVR",166 359 руб
"Блок АВР 450-500 кВт ПРОФ (1000А, РКН)",167 678 руб
TSS DIesel TDK 56 4LT,168 150 руб
EP 2800 DE,169 990 руб
SDMO TECHNIC 6500 E AVR M,170 464 руб
Газовый генератор Kipor KNE9000T,171 607 руб
Дизель генератор TSS SDG 10000EH,172 575 руб
Однофазный дизельный генератор ВЕПРЬ АДП 5-230 ВЯ-Б,173 281 руб
N4105ZDS,175 835 руб
Дизель генератор TSS SDG 10000EH3,179 530 руб
Дизель генератор Kipor KDE 12 EA3,179 865 руб
Бензиновый генератор SDMO VX200/4H C (3600 Вт),181 800 руб
"Прицеп двухосный ПТ 2-2,7",182 500 руб
SDMO TECHNIC 7500 TE AVR M,183 340 руб
Дизель генератор TSS SDG 12000EH,183 625 руб
Дизель генератор TSS SDG 12000EHS,184 600 руб
EP 6000 D,185 990 руб
TSS DIesel TDK 66 4LT(MD-66К ) (R 4105 ZLDS1),187 030 руб
N4105ZLDS,194 600 руб
Дизельный генератор ТСС АД-10С-Т400-1РМ11,195 880 руб
R4105ZDS1,198 075 руб
ЕР 200 Х2/25 DC,199 990 руб
Дизель генератор TSS SDG 12000EH3,200 160 руб
Дизельный генератор ТСС АД-10С-230-1РМ11,203 550 руб
"Дизельный генератор Pramac E4500, 400/230V, 50Hz",205 619 руб
TSS Diesel TDY 25 4L,205 910 руб
Дизельный генератор ТСС АД-12С-Т400-1РМ11,206 500 руб
Дизельный генератор ТСС АД-10С-Т400-1РМ13,209 450 руб
ЕР 200 Х/25 DC,209 990 руб
Прицеп двухосный ПСА 2.7Т,212 500 руб
TSS DIesel TDL 36 4L,213 365 руб
"Бензиновый генератор Pramac  S5000, 230V, 50Hz #CONN",213 383 руб
"TSS-SA-160(E) SAE 2/11,5 (М6) электрогенератор для дизель-генераторных установок 160 кВт",213 816 руб
"Дизельный генератор Pramac E6500, 230V, 50Hz",214 259 руб
Дизельный генератор ТСС АД-12С-230-1РМ11,215 350 руб
Дизельный генератор ТСС АД-12С-Т400-1РМ5,215 940 руб
Дизель генератор Kipor KDE 12 STA,216 405 руб
"Бензиновый генератор Pramac  S5000, 230V, 50Hz #AVR #IPP",217 115 руб
Дизельный генератор ТСС АД-16С-Т400-1РМ11,217 710 руб
EF 13500 TE,219 990 руб
"Бензиновый генератор Pramac  S8000, 230V, 50Hz #CONN",220 194 руб
R4105ZLDS1,220 315 руб
Дизельный генератор ТСС АД-20С-Т400-1РМ11,222 430 руб
Дизельный генератор ТСС АД-20С-Т400-1РМ19,222 430 руб
"Бензиновый генератор Pramac  S5000, 230V, 50Hz #CONN #DPP",224 673 руб
Дизельный генератор ТСС АД-16С-230-1РМ11,226 560 руб
"Бензиновый генератор Pramac  S5000, 230V, 50Hz #AVR #CONN",227 005 руб
Дизель генератор TSS SDG 10000EHS3,227 955 руб
Дизель генератор TSS SDG 10000EHS,228 280 руб
Дизельный генератор ТСС АД-24С-Т400-1РМ11,231 280 руб
Дизельный генератор ТСС АД-15С-Т400-1РМ7,234 820 руб
Дизельный генератор ТСС АД-16С-Т400-1РМ10,235 410 руб
EP 6000 TDE,235 990 руб
DIESEL 6500 TE XL C,237 082 руб
Дизельный генератор ТСС АД-10С-230-1РМ13,237 180 руб
"Бензиновый генератор Pramac  PX10000, 230V, 50Hz #AVR",237 362 руб
Дизельный генератор ТСС АД-16С-Т400-1РМ5,238 360 руб
Дизельный генератор ТСС АД-16С-Т400-1РМ5,238 360 руб
"Бензиновый генератор Pramac  S5000, 230V, 50Hz #AVR #CONN #DPP",238 575 руб
Дизельный генератор ТСС АД-10С-Т400-1РКМ11 в шумозащитном кожухе,240 130 руб
"Бензиновый генератор Pramac  S8000, 400/230V, 50Hz #CONN",240 907 руб
TSS Diesel TDK 84 6LT (R6105ZDS1),241 900 руб
"Дизельный генератор Pramac E6000, 400/230V, 50Hz",242 326 руб
"Бензиновый генератор Pramac  S5000, 400/230V, 50Hz #CONN",243 426 руб
Дизельная электростанция HILTT HD10E,244 441 руб
Дизельная электростанция HILTT HD10E3,244 441 руб
Генераторная установка SDMO DIESEL 6000 E SILENCE ,244 500 руб
Дизель генератор TSS SDG 12000EHS3,245 310 руб
Дизельный генератор ТСС АД-12С-230-1РМ13,245 440 руб
"Бензиновый генератор Pramac  S8000, 230V, 50Hz #AVR #CONN",246 132 руб
"Бензиновый генератор Pramac  S8000, 230V, 50Hz #CONN #DPP",247 532 руб
Дизельный генератор ТСС АД-10С-230-1РКМ11 в кожухе,249 570 руб
EF 14000 E,249 990 руб
Кожух шумоизолированный под раму 707,250 000 руб
"Бензиновый генератор Pramac  S5000, 400/230V, 50Hz #AVR #CONN",250 331 руб
Дизельный генератор ТСС АД-18С-Т400-1РМ7,251 340 руб
"Дизельный генератор Pramac P4500, 230V, 50Hz #DPP",251 451 руб
TSS Diesel TDK 100 6LT (R6105ZLDS1),252 520 руб
"TSS-SA-200(E) SAE 2/11,5 (М6) электрогенератор для дизель-генераторных установок 200 кВт",252 992 руб
Дизельный генератор ТСС АД-20С-Т400-1РМ10,253 110 руб
Дизельный генератор ТСС АД-12С-Т400-1РКМ11 в шумозащитном кожухе,253 700 руб
SDMO DIESEL 6500 TE XL C M,257 515 руб
Дизельный генератор ТСС АД-16С-230-1РМ10,258 420 руб
Дизельный генератор ТСС АД-16С-230-1РМ13,258 420 руб
Дизельный генератор ТСС АД-20С-Т400-1РМ5,258 420 руб
"Бензиновый генератор Pramac  S8000, 230V, 50Hz #AVR #CONN #DPP",259 008 руб
TSS Diesel TDK 110 6LT (MD-110) (R6105AZLDS1),259 600 руб
Дизель генератор TSS SDG 10000ES,260 013 руб
Дизельная электростанция HILTT HD15E3,260 807 руб
Дизельная электростанция HILTT HD15E,260 807 руб
"Бензиновый генератор Pramac  S5000, 400/230V, 50Hz #AVR #CONN #DPP",261 620 руб
Дизельный генератор ТСС АД-24С-Т400-1РМ10,263 140 руб
"Прицеп двухосный ПСТ-3,5Т (платформа 3000х1160)",263 300 руб
"Бензиновый генератор Pramac  S8000, 400/230V, 50Hz #AVR #CONN",263 673 руб
Дизельный генератор ТСС АД-12С-230-1РКМ11 в шумозащитном кожухе,264 320 руб
Дизельный генератор ТСС АД-16С-Т400-1РКМ11 в шумозащитном кожухе,265 500 руб
EP 180 DX DC,265 990 руб
"Прицеп двухосный ПСТ-3,5Т (платформа 3500х1160)",266 200 руб
Дизельный сварочный генератор TSS DGW-300E,266 500 руб
"Прицеп двухосный ПСТ-3,5Т (платформа 3700х1160)",268 200 руб
"Бензиновый генератор Pramac  S8000, 400/230V, 50Hz #CONN #DPP",268 525 руб
EP 200 DX1 AC,269 990 руб
Дизельный генератор ТСС АД-10С-Т400-1РКМ13 в шумозащитном кожухе,272 580 руб
Дизельный генератор ТСС АД-20С-Т400-1РКМ11 в шумозащитном кожухе,273 170 руб
"Бензиновый генератор Pramac  S8000, 400/230V, 50Hz #AVR #CONN #DPP",275 149 руб
Дизельный генератор ТСС АД-16С-230-1РКМ11 в шумозащитном кожухе,276 710 руб
Дизельный генератор ТСС АД-24С-Т400-1РКМ11 в шумозащитном кожухе,276 710 руб
EF 17000 TE,279 990 руб
EP 13500 TЕ,279 990 руб
EP 200 DX2 DC,279 990 руб
"Дизельный генератор Pramac S6500 (24L), 230V, 50Hz #CONN #DPP",281 494 руб
Дизель генератор TSS SDG 10000ES ATS,282 240 руб
TSS Diesel TDK 132 6LT (MD-132k),283 200 руб
Прицеп двухосный ПСА 3.5Т,284 200 руб
Дизель генератор Kipor KDE 19 EA3,284 634 руб
R6105ZDS1,284 950 руб
EP 220 DX DC,285 990 руб
"Бензиновый генератор Pramac  S8000, 230V, 50Hz #AVR #IPP",286 252 руб
"Бензиновый генератор Pramac  S5000, 400/230V, 50Hz #AVR #IPP",286 905 руб
SDMO TECHNIC 10000 E,288 865 руб
Дизельная электростанция HILTT HD20E,291 002 руб
Дизельная электростанция HILTT HD20E3,291 002 руб
Мини-контейнер БК-1,291 900 руб
Дизельный генератор ТСС АД-10С-230-1РКМ13 в шумозащитном кожухе,292 050 руб
Дизельный генератор ТСС АД-25С-Т400-1РМ5,293 820 руб
Дизельный генератор ТСС АД-25С-Т400-1РМ7,293 820 руб
Дизельный генератор ТСС АД-25С-Т400-1РМ7,293 820 руб
TSS Diesel TDY 40 4LE,295 000 руб
Портативная дизельная электростанция GMGen Power Systems GMY7000,295 489 руб
Дизельный генератор ТСС АД-12С-230-1РКМ13 в шумозащитном кожухе,295 590 руб
Дизельный генератор ТСС АД-12С-Т400-1РКМ5 в шумозащитном кожухе,297 360 руб
Дизельный генератор ТСС АД-12С-Т400-1РКМ5 в шумозащитном кожухе,297 360 руб
Дизельный генератор ТСС АД-12С-Т400-1РКМ5 в шумозащитном кожухе,297 360 руб
R6105ZLDS1,297 460 руб
Дизельный сварочный генератор в кожухе TSS DGW-300ES,298 610 руб
Кожух шумоизолированный под раму 708,300 000 руб
"Бензиновый генератор Pramac  S8000, 400/230V, 50Hz #AVR #IPP",300 528 руб
"Дизельный генератор Pramac P4500, 230V, 50Hz #CONN #DPP",300 994 руб
Дизель генератор Kipor KDE 16STA,301 490 руб
"Дизельный генератор Pramac S6500 (24L), 230V, 50Hz #IPP",302 580 руб
Дизель генератор Kipor KDE 16 EA3,303 159 руб
Контейнер ПБК-3 (Эконом),304 600 руб
Дизельный сварочный генератор TSS DGW-300ES,305 800 руб
R6105AZLDS1,305 800 руб
"Дизельный генератор Pramac P4500, 230V, 50Hz #IPP",306 499 руб
Реверсивный рубильник (Блок ATS) SKT1 2000A,307 538 руб
Контейнер ПБК-3 3000х2300х2350 базовая комплектация,307 900 руб
Дизельный генератор ТСС АД-15С-Т400-1РКМ7 в шумозащитном кожухе,311 520 руб
Дизельный генератор ТСС АД-16С-Т400-1РКМ10 в шумозащитном кожухе,311 520 руб
Мини-контейнер БК-2,312 600 руб
ММЗ Д-243-449,313 445 руб
Дизель генератор Kipor KDE 16 STA3,314 937 руб
"Бензиновый генератор Pramac  X12000, 400/230V, 50Hz",314 990 руб
Дизельный генератор ТСС АД-16С-Т400-1РКМ5 в кожухе,315 060 руб
EP 200 DX1E AC,315 990 руб
Блок АВР 800-1000 кВт ПРОФ (2000А),317 696 руб
SDMO TECHNIC 10000 A C5,317 950 руб
Дизельный генератор ТСС АД-16С-Т400-1РКМ13 в шумозащитном кожухе,318 010 руб
Дизельный генератор ТСС АД-30С-Т400-1РМ11,318 010 руб
Дизельный генератор ТСС АД-30С-Т400-1РМ19,318 010 руб
ЕР16000 ТЕ,319 990 руб
Прицеп двухосный 2ПТС-4.5 (платформа 3850х2005),320 000 руб
Дизельный генератор ТСС АД-20С-Т400-1РКМ10 в шумозащитном кожухе,321 550 руб
"Блок АВР 800-1000 кВт ПРОФ (2000А, РКН)",321 708 руб
Дизельный генератор ТСС АД-16С-230-1РКМ10 в шумозащитном кожухе,322 140 руб
Дизельный генератор ТСС АД-16С-230-1РКМ13 в шумозащитном кожухе,322 140 руб
"Дизельный генератор Pramac S6000 (24L), 400/230V, 50Hz #IPP",323 387 руб
EP 200 DX2E DC,325 990 руб
"Дизельный генератор Pramac S6000 (24L), 400/230V, 50Hz #CONN #DPP",326 372 руб
TSS Diesel TDY 55 4LT,326 860 руб
Дизельный генератор ТСС АД-24С-Т400-1РКМ10 в шумозащитном кожухе,328 040 руб
Дизельный генератор ТСС АД-24С-Т400-1РКМ10 в шумозащитном кожухе,328 040 руб
Контейнер ПБК-4 (Эконом),328 300 руб
Дизельная электростанция Kipor KDE40E3,328 457 руб
TSS DIesel TDS 62 4LTE,329 810 руб
YC4D60-D21,330 125 руб
Дизель генератор Kipor KDE 19 STA3,330 750 руб
Дизельный генератор ТСС АД-30С-Т400-1РМ10,330 990 руб
Дизель генератор Kipor KDE 19 STA,332 451 руб
Дизельный генератор ДГУ АД-30С-Т400-1РМ13,332 760 руб
Дизельный генератор ТСС АД-30С-Т400-1РМ5,332 760 руб
Дизельный генератор ТСС АД-30С-Т400-1РМ5,332 760 руб
Дизельный генератор ТСС АД-30С-Т400-1РМ7,332 760 руб
R6105BZLDS1,333 600 руб
"Бензиновый генератор Pramac  X12000, 230V, 50Hz",335 300 руб
EP 220 DXE DC,335 990 руб
SDMO Technic 15000TE ,336 400 руб
"Контейнер ПБК-3,5 3500х2300х2350 базовая комплектация",338 300 руб
Дизельный генератор ТСС АД-18С-Т400-1РКМ7 в шумозащитном кожухе,339 840 руб
Дизельная электростанция Kipor KDE35E3,341 135 руб
"Бензиновый генератор Pramac  S12000, 230V, 50Hz #CONN",342 421 руб
Дизельный генератор ТСС АД-20С-Т400-1РКМ5 в шумозащитном кожухе,346 920 руб
Дизельный генератор ТСС АД-30С-Т400-1РКМ11 в шумозащитном кожухе,347 510 руб
Дизельный генератор ТСС АД-30С-Т400-1РКМ19 в шумозащитном кожухе,347 510 руб
TSS Diesel TDY 60 4LTE,347 510 руб
Кожух шумоизолированный под раму 709,350 000 руб
Дизельный генератор ТСС АД-40С-Т400-1РМ11,350 460 руб
Дизельный генератор ТСС АД-40С-Т400-1РМ11,350 460 руб
Дизельный генератор ТСС АД-40С-Т400-1РМ19,350 460 руб
"Бензиновый генератор Pramac  S12000, 400/230V, 50Hz #CONN",351 284 руб
Дизельный генератор ТСС АД-35С-Т400-1РМ7,352 820 руб
Дизельный генератор ТСС АД-36С-Т400-1РМ5,353 410 руб
ММЗ Д-246.3-153,354 450 руб
Дизельный генератор ТСС АД-30С-Т400-1РПМ10 в погодозащитном кожухе,355 180 руб
Дизельная электростанция Kipor KDE11E,356 667 руб
Дизельная электростанция Kipor KDE13E3,359 550 руб
ЕР 250 ХЕ  DC,359 990 руб
Дизельная электростанция HILTT HD30E3,361 073 руб
TSS Diesel TDK 170 6LT (R6110ZLDS),362 260 руб
Дизельный генератор ТСС АД-50С-Т400-1РМ11,363 440 руб
Дизельный генератор ТСС АД-50С-Т400-1РМ11,363 440 руб
Дизельный генератор ТСС АД-50С-Т400-1РМ19,363 440 руб
Мини-контейнер БК-3,363 500 руб
"Бензиновый генератор Pramac  S12000, 230V, 50Hz #AVR #CONN #DPP",363 880 руб
"Бензиновый генератор Pramac  S12000, 400/230V, 50Hz #IPP",368 079 руб
"Бензиновый генератор Pramac  S12000, 230V, 50Hz #AVR #IPP",368 732 руб
Реверсивный рубильник (Блок ATS) SKT1 3200А,369 045 руб
Контейнер ПБК-4 4000х2300х2500 базовая комплектация,369 900 руб
EPS 6500 TE ,369 990 руб
"Бензиновый генератор Pramac  MES15000, 400/230V, 50 Hz",374 330 руб
Дизельный генератор ТСС АД-30С-Т400-1РКМ10 в шумозащитном кожухе,374 650 руб
"Бензиновый генератор Pramac  S12000, 400/230V, 50Hz #CONN #DPP",374 983 руб
Блок АВР 1200-1600 кВт ПРОФ (3200А),377 876 руб
Контейнер ПБК-5 (Эконом),379 200 руб
"Бензиновый генератор Pramac  S12000, 400/230V, 50Hz #AVR #IPP",379 835 руб
"TSS-SA-320 SAE 1/14 (М2,3,5) электрогенератор для дизель-генераторных установок 320 кВт",380 963 руб
"Блок АВР 1200-1600 кВт ПРОФ (3200А, РКН)",381 888 руб
Дизельная электростанция Kipor KDE20E3,382 685 руб
Мини-контейнер БК-4,382 700 руб
YC4D85Z-D20,385 030 руб
SC4H95D2,388 505 руб
Дизельный генератор ТСС АД-25С-Т400-1РКМ5 в шумозащитном кожухе,388 810 руб
Дизельный генератор ТСС АД-25С-Т400-1РКМ7 в шумозащитном кожухе,388 810 руб
"Бензиновый генератор Pramac  SP8000, 400/230V, 50Hz #AVR #IPP",390 845 руб
"Бензиновый генератор Pramac  S12000, 400/230V, 50Hz #AVR #CONN #DPP",391 591 руб
SDMO DIESEL 6000 E AVR SiLENCE,397 842 руб
SDMO DIESEL 6500 TE SILENCE,399 055 руб
ММЗ Д-246.4-106М (Д),400 320 руб
TSS Diesel TDY 70 4LTE,400 610 руб
Дизельный генератор ТСС АД-60С-Т400-1РМ11,402 380 руб
Дизельный генератор ТСС АД-60С-Т400-1РМ11,402 380 руб
Дизельный генератор ТСС АД-60С-Т400-1РМ19,402 380 руб
"Бензиновый генератор Pramac  P12000, 230V, 50Hz #CONN #DPP",406 240 руб
YC4D90Z-D20,409 355 руб
"Бензиновый генератор Pramac  P12000, 230V, 50Hz #AVR #CONN #DPP",409 692 руб
TSS Diesel TDS 105 4LTE,410 050 руб
SDMO DIESEL 6500 TE AVR SILENCE,410 252 руб
Синхронизация для ДГУ 2х150 кВт (без ATS),413 000 руб
Дизельная электростанция Kipor KDE16E,413 182 руб
"Бензиновый генератор Pramac  P12000, 400/230V, 50Hz #CONN #DPP",413 517 руб
"Дизельный генератор Pramac P6000s, 230V, 50Hz #IPP",416 533 руб
"Дизельный генератор Pramac P6000s, 230V, 50Hz #CONN #DPP",416 533 руб
"Дизельный генератор Pramac P6000s, 400/230V, 50Hz #IPP",416 533 руб
"Дизельный генератор Pramac P6000, 230V, 50Hz #AVR #CONN #DPP",416 534 руб
"Дизельный генератор Pramac P6000, 230V, 50Hz #AVR #IPP",416 534 руб
"Дизельный генератор Pramac P6000, 230V, 50Hz #CONN #DPP",416 534 руб
"Дизельный генератор Pramac P6000, 230V, 50Hz #IPP",416 534 руб
"Дизельный генератор Pramac P6000s, 400/230V, 50Hz #CONN #DPP",416 534 руб
Дизельный генератор ТСС АД-30С-Т400-1РКМ5 в шумозащитном кожухе,417 720 руб
Дизельный генератор ТСС АД-30С-Т400-1РКМ7 в шумозащитном кожухе,417 720 руб
Дизельный генератор ТСС АД-32С-Т400-1РКМ5 в шумозащитном кожухе,417 720 руб
Дизельный генератор ТСС АД-40С-Т400-1РМ7,417 720 руб
SC4H115D2,419 085 руб
ЕР 300 ХЕ DC,419 990 руб
"Контейнер ПБК-4,5 4500х2300х2500 базовая комплектация",421 800 руб
Синхронизация для ДГУ 2х200 кВт (без ATS),424 800 руб
R6110ZLDS,426 730 руб
Контейнер ПБК-3 3000х2300х2350 арктического исполнения,428 300 руб
"Бензиновый генератор Pramac  P12000, 400/230V, 50Hz #IPP",430 312 руб
Синхронизация для ДГУ 2х250 кВт (без ATS),436 600 руб
"Дизельный генератор Pramac P6000, 400/230V, 50Hz #CONN #DPP",437 682 руб
"Дизельный генератор Pramac P6000, 400/230V, 50Hz #IPP",438 149 руб
"Бензиновый генератор Pramac  P12000, 400/230V, 50Hz #AVR #IPP",441 601 руб
Однофазный дизельный генератор ВЕПРЬ АДП 16-Т400/230 ВЛ-БС,441 631 руб
"Дизельный генератор Pramac P6000, 400/230V, 50Hz #AVR #CONN #DPP",442 254 руб
Синхронизация для ДГУ 2х150 кВт,442 500 руб
Синхронизация для ДГУ 2х300 кВт (без ATS),442 500 руб
"Дизельный генератор Pramac P6000, 400/230V, 50Hz #AVR #IPP",445 053 руб
TSS Diesel TDS 120 4LTE,445 450 руб
Дизельный генератор ТСС АД-50С-Т400-1РМ5,446 040 руб
Дизельный генератор ТСС АД-50С-Т400-1РМ5,446 040 руб
"Контейнер ПБК-4,5 4500х2300х2500 с дополнительным отсеком",446 544 руб
TSS Diesel TDY 90 6LT,446 630 руб
"Дизельный генератор Pramac S9000, 230V, 50Hz",449 252 руб
EP 73 DE,449 990 руб
"Бензиновый генератор Pramac  P12000, 400/230V, 50Hz #AVR #CONN #DPP",452 611 руб
Дизельный генератор ТСС АД-50С-Т400-1РМ7,453 120 руб
Дизельный генератор ТСС АД-40С-Т400-1РКМ11 в шумозащитном кожухе,454 300 руб
Дизельный генератор ТСС АД-40С-Т400-1РКМ11 в шумозащитном кожухе,454 300 руб
Дизельный генератор ТСС АД-40С-Т400-1РКМ19 в шумозащитном кожухе,454 300 руб
WELDARC 300TDE XL C,455 783 руб
John Deere 3029DFU29,456 806 руб
Дизельная электростанция HILTT HD50E3,457 881 руб
EP 83 TDE,459 990 руб
EPS 12000 TЕ,459 990 руб
ЕР16000 Е,459 990 руб
TSS-SA-360 SAE 1/11.5 электрогенератор для дизель-генераторных установок 360 кВт,460 200 руб
Дизельный генератор ТСС АД-50С-Т400-1РКМ11 в шумозащитном кожухе,464 330 руб
Дизельный генератор ТСС АД-50С-Т400-1РКМ19 в шумозащитном кожухе,464 330 руб
Дизельный генератор ТСС АД-10С-Т400-1РПМ18,464 566 руб
Контейнер ПБК-5 5000х2300х2500 базовая комплектация,466 200 руб
Однофазный дизельный генератор ВЕПРЬ АДП 20-Т400 ВЛ-БС,470 410 руб
TSS Diesel TDY 103 6LT,470 820 руб
YC4A100Z-D20,471 905 руб
YC6B100-D20,471 905 руб
Дизельный генератор ТСС АД-30С-Т400-1РМ1,474 360 руб
"Дизельный генератор Pramac S15000, 230V, 50Hz",476 389 руб
SC4H160D2,483 025 руб
Дизельный генератор ТСС АД-35С-Т400-1РКМ7 в шумозащитном кожухе,487 930 руб
Дизельный генератор ТСС АД-36С-Т400-1РКМ5 в шумозащитном кожухе,488 520 руб
EP 103 DE,489 990 руб
Дизельный генератор ТСС АД-60С-Т400-1РКМ11 в шумозащитном кожухе,493 240 руб
Дизельный генератор ТСС АД-60С-Т400-1РКМ19 в шумозащитном кожухе,493 240 руб
TSS Diesel TDY 120 6LT,494 420 руб
Дизельная электростанция Kipor KDE30E3,495 898 руб
EP 113 TDE,499 990 руб
EPS 15000 TЕ,499 990 руб
Дизельная электростанция Kipor KDE115E3,500 000 руб
Синхронизация для ДГУ 2х200 кВт,501 500 руб
Контейнер ПБК-4 4000х2300х2500 арктического исполнения,504 000 руб
Дизельный генератор ТСС АД-70С-Т400-1РМ11,505 040 руб
Дизельный генератор ТСС АД-75С-Т400-1РМ19,506 220 руб
"Дизельный генератор Pramac S9000, 400/230V, 50Hz #IPP",506 300 руб
"Бензиновый генератор Pramac  SP12000, 400/230V, 50Hz #AVR #IPP",510 459 руб
Контейнер ПБК-6 6000х2300х2500 базовая комплектация (для ДГУ до 350 кВт),511 800 руб
Синхронизация для ДГУ 2х250 кВт,513 300 руб
John Deere 3029TFU29,513 421 руб
Дизельный генератор ТСС АД-80С-Т400-1РМ11,519 200 руб
Дизельный генератор ТСС АД-80С-Т400-1РМ11,519 200 руб
Синхронизация для ДГУ 2х300 кВт,519 200 руб
Синхронизация для ДГУ 2х350 кВт (без ATS),519 200 руб
Синхронизация для ДГУ 2х500 кВт (без ATS),519 200 руб
EPS 73 DE серия NEW BOY (ультра тихий),519 990 руб
"Дизельный генератор Pramac S15000, 400/230V, 50Hz",522 121 руб
SC4H180D2,524 725 руб
Дизельный генератор ТСС АД-90С-Т400-1РМ19,525 690 руб
YC6B135Z-D20,526 115 руб
EPS 83 TDE серия NEW BOY (ультра тихий),529 990 руб
Дизельный генератор ТСС АД-40С-Т400-1РКМ7 в шумозащитном кожухе,531 000 руб
Дизельный генератор ТСС АД-40С-Т400-1РКМ7 в шумозащитном кожухе,531 000 руб
Дизельная электростанция Kipor KDE25E,535 962 руб
Контейнер ПБК-6 6000х2300х2500 с дополнительным отсеком,536 544 руб
Дизельный генератор ТСС АД-100С-Т400-1РМ11,538 670 руб
Дизельный генератор ТСС АД-100С-Т400-1РМ11,538 670 руб
Дизельный генератор ТСС АД-100С-Т400-1РМ11,538 670 руб
Дизельный генератор ТСС АД-100С-Т400-1РМ19,538 670 руб
Дизельный генератор ТСС АД-100С-Т400-1РМ19,538 670 руб
EP 123 DE,539 990 руб
"Дизельный генератор Pramac S9000, 400/230V, 50Hz #DPP",540 100 руб
Дизельный генератор ТСС АД-50С-Т400-1РМ1,542 210 руб
"Контейнер ПБК-4,5 4500х2300х2500 арктического исполнения",544 200 руб
Контейнер ПБК-6 6000х2300х2900 базовая комплектация (для ДГУ от 300 до 600 кВт),548 500 руб
Дизельный генератор ТСС АД-105С-Т400-1РМ11,548 700 руб
EP 133 TDE,549 990 руб
Дизельный генератор ТСС АД-45С-Т400-1РКМ5 в кожухе,551 650 руб
Дизельный генератор ТСС АД-60С-Т400-1РМ5,552 240 руб
YC6B155L-D21,554 610 руб
EP 18000 E,559 990 руб
EP 22000 TE,559 990 руб
EPS 103 DE серия NEW BOY (ультра тихий),559 990 руб
SDMO K21H,560 189 руб
Дизельный генератор ТСС АД-70С-Т400-1РКМ11 в шумозащитном кожухе,564 630 руб
Дизельная электростанция Kipor KDE30E,568 378 руб
Контейнер ПБК-5 5000х2300х2500 арктического исполнения,569 700 руб
EPS 113 TDE серия NEW BOY (ультра тихий),569 990 руб
Дизельный генератор ТСС АД-25С-Т400-1РМ6,574 770 руб
Дизельный генератор ТСС АД-120С-Т400-1РМ11,577 610 руб
Дизельный генератор ТСС АД-120С-Т400-1РМ11,577 610 руб
Дизельный генератор ТСС АД-120С-Т400-1РМ19,577 610 руб
EP 8 DE,579 990 руб
SDMO DIESEL 10000 E AVR SILENCE,580 435 руб
Дизельный генератор ТСС АД-60С-Т400-1РМ1,580 560 руб
Контейнер ПБК-6.5 6500х2350х2900 базовая комплектация,580 900 руб
YC6B180L-D20,582 410 руб
SDMO DIESEL 15000 TE SILENCE,585 940 руб
SDMO DIESEL 20000 TE XL AVR C,586 500 руб
SDMO T8HKM,591 725 руб
Дизельный генератор ТСС АД-24С-Т400-1РМ6 (Mecc Alte),596 160 руб
EP 9 TDE,599 990 руб
EPS 230 DXE DC,599 990 руб
ЕР 400 ХЕ DC,599 990 руб
"Дизельный генератор Pramac P11000, 230V, 50Hz #IPP",601 335 руб
SDMO T 9HK,601 708 руб
"ДГУ ""Deutz"" АД-100С-Т400-1РПМ6 ПЖД",603 900 руб
Контейнер ПБК-6.5 6500х2350х2900 с дополнительным отсеком,605 644 руб
"Дизельный генератор Pramac P11000, 400/230V, 50Hz #AMF",607 100 руб
TSS Diesel TDS 155 6LTE,609 470 руб
Синхронизация для ДГУ 2х350-400кВт,613 600 руб
Дизельная электростанция Cummins C55 D5 в кожухе,616 791 руб
EPS 123 DE серия NEW BOY (ультра тихий),619 990 руб
ЕР 163 DE,619 990 руб
Дизельная электростанция Kipor KDE45E3,621 974 руб
Дизельный генератор ТСС АД-75С-Т400-1РКМ19 в шумозащитном кожухе,623 040 руб
SDMO K16,623 821 руб
SDMO K16H,623 821 руб
"Дизельный генератор Pramac P9000, 400/230V, 50Hz #AVR #IPP",626 155 руб
"Дизельный генератор Pramac P9000, 400/230V, 50Hz #AVR #CONN #DPP",626 155 руб
"Дизельный генератор Pramac P9000, 230V, 50Hz #AVR #IPP",626 156 руб
"Дизельный генератор Pramac P9000, 230V, 50Hz #AVR #CONN #DPP",626 156 руб
EPS 133 TDE серия NEW BOY (ультра тихий),629 990 руб
Дизельный генератор ТСС АД-50С-Т400-1РКМ5 в кожухе,630 120 руб
Дизельный генератор ТСС АД-50С-Т400-1РКМ5 в шумозащитном кожухе,630 120 руб
"Дизельный генератор Pramac P11000, 230V, 50Hz #AMF",632 685 руб
Дизельный генератор ТСС АД-80С-Т400-1РКМ11 в шумозащитном кожухе,633 070 руб
Дизельный генератор ТСС АД-80С-Т400-1РКМ11 в шумозащитном кожухе,633 070 руб
Дизельный генератор ТСС АД-80С-Т400-1РКМ11 в шумозащитном кожухе,633 070 руб
Дизельный генератор ТСС АД-34С-Т400-1РМ6,633 420 руб
Дизельный генератор ТСС АД-90С-Т400-1РКМ19 в шумозащитном кожухе,634 250 руб
SDMO T 12HK,634 831 руб
Дизельный генератор ТСС АД-50С-Т400-1РКМ7 в шумозащитном кожухе,636 610 руб
Дизельный генератор ТСС АД-50С-Т400-1РКМ7 в шумозащитном кожухе,636 610 руб
SDMO K12M,636 977 руб
Дизельная электростанция Kipor KDE60E3,651 901 руб
Дизельный генератор ТСС АД-80С-Т400-1РМ5,654 900 руб
Дизельный генератор ТСС АД-80С-Т400-1РМ5,654 900 руб
Дизельный генератор ТСС АД-100С-Т400-1РКМ11 в шумозащитном кожухе,655 490 руб
Дизельный генератор ТСС АД-100С-Т400-1РКМ19 в шумозащитном кожухе,655 490 руб
"Дизельный генератор Pramac P11000, 230V, 50Hz  #AMF #PHS",656 850 руб
Контейнер ПБК-7 7000х2350х2900 базовая комплектация (для ДГУ от 600 до 1000 кВт),659 500 руб
TSS Diesel TDS 168 6LTE,659 620 руб
Контейнер ПБК-6 6000х2300х2500 арктического исполнения,660 400 руб
Дизельный двигатель Doosan D1146 для дизель-генераторных электростанций,669 870 руб
ММЗ Д-266.4-38,673 455 руб
Дизельная электростанция Kipor KDE35E,676 398 руб
John Deere 4045TF158,676 432 руб
"Трехфазная дизельная электростанция FG WILSON P9,5-4 кожух",679 167 руб
Дизельный генератор ТСС АД-60С-Т400-1РКМ5 в шумозащитном кожухе,679 680 руб
Дизельный генератор ТСС АД-100С-Т400-1РКМ11 в шумозащитном кожухе,681 450 руб
Дизельный двигатель Doosan D1146T для дизель-генераторных электростанций,683 640 руб
Контейнер ПБК-7 7000х2350х2900 доп.отсек (для ДГУ от 600 до 1000 кВт),684 244 руб
Дизельный генератор ТСС АД-105С-Т400-1РКМ11 в шумозащитном кожухе,687 940 руб
Дизельный генератор ТСС АД-100С-Т400-1РМ5,691 480 руб
Дизельный генератор ТСС АД-100С-Т400-1РМ5,691 480 руб
"Дизельный генератор Pramac P11000, 400/230V, 50Hz  #AMF #PHS",691 871 руб
"Дизельный генератор Pramac P11000, 400/230V, 50Hz  #IPP #HDE",691 871 руб
"Дизельный генератор Pramac P11000, 400/230V, 50Hz #IPP",691 871 руб
"Дизельный генератор Pramac P11000, 400/230V, 50Hz #DPP",691 871 руб
EP 25000 TE,699 990 руб
EPS 8 DE,699 990 руб
Дизельный генератор ТСС АД-60С-Т400-1РМ2 Stamford,701 550 руб
Однофазная дизельная электростанция FG WILSON P7.5-4S кожух ,704 376 руб
"Однофазная  дизельная электростанция FG WILSON P7,5-4S откр.",704 376 руб
Дизельный генератор ТСС АД-120С-Т400-1РКМ11 в шумозащитном кожухе,707 410 руб
Дизельный генератор ТСС АД-120С-Т400-1РКМ11 в шумозащитном кожухе,707 410 руб
Дизельный генератор ТСС АД-120С-Т400-1РКМ19 в шумозащитном кожухе,713 310 руб
TSS Diesel TDK 260 6LTE,715 080 руб
SC7H230D2,717 935 руб
EP 193 DE,719 990 руб
EPS 9 TDE,719 990 руб
Контейнер ПБК-6 6000х2300х2900 арктического исполнения,725 800 руб
EP 11 DE,729 990 руб
EP 243 TDE,729 990 руб
EPS 163 DE,729 990 руб
Дизельный генератор Cummins C28D5 в открытом исполнении,739 155 руб
"Трехфазная дизельная электростанция FG WILSON P13,5-6 кожух",740 608 руб
Дизельный генератор ТСС АД-80С-Т400-1РКМ5 в шумозащитном кожухе,742 810 руб
Дизельный генератор ТСС АД-80С-Т400-1РКМ5 в шумозащитном кожухе,742 810 руб
Дизельный генератор ТСС АД-50С-Т400-1РМ6,747 270 руб
EP 14 TDE,749 990 руб
Однофазная дизельная электростанция FG WILSON P11-6S кожух,754 331 руб
EPS 163 DE с подогревом охлажд. жидк.,755 990 руб
Дизельная электростанция HILTT HD40E3Cum,757 043 руб
Дизельный генератор ТСС АД-150С-Т400-1РМ11,759 330 руб
Дизельный генератор ТСС АД-150С-Т400-1РМ11,759 330 руб
EPS 300 DXE DC,759 990 руб
Трехфазная дизельная электростанция FG WILSON P18-6 кожух,764 352 руб
John Deere 4045TF258,767 820 руб
SC7H250D2,777 010 руб
TSS Diesel TDS 185 6LTE,777 030 руб
Дизельный генератор ТСС АД-100С-Т400-1РМ2 Stamford,781 950 руб
6126-68DE,783 265 руб
"Однофазная дизельная электростанция FG WILSON P16,5-6S откр.",784 319 руб
"Однофазная дизельная электростанция FG WILSON P16,5-6S кожух",785 244 руб
Однофазная  дизельная электростанция FG WILSON P14-6S кожух,786 863 руб
Трехфазная дизельная электростанция FG WILSON P18-6 откр.,792 336 руб
Трехфазная дизельная электростанция FG WILSON PH18-6 откр.,792 336 руб
Синхронизация для ДГУ 2х500 кВт,796 500 руб
YC6A200L-D20,799 250 руб
6126-42DE,801 335 руб
Дизельный генератор ТСС АД-80С-Т400-1РМ1,815 380 руб
John Deere 4045HF158,821 822 руб
Трехфазная дизельная электростанция FG WILSON P50-3 откр.,826 179 руб
TSS Diesel TDS 228 6LTE,828 950 руб
Дизельная электростанция Kipor KDE75E3,831 592 руб
Дизельный генератор ТСС АД-100С-Т400-1РМ1,833 670 руб
"Дизельный генератор Pramac P18000, 230V, 50Hz",839 070 руб
6126A-260DE,842 340 руб
YC6A230L-D20,842 340 руб
"Дизельный генератор Pramac P12000, 400/230V, 50Hz #CONN #WHEEL KIT",852 319 руб
EPS 11 DE,859 990 руб
EPS 193 DE,869 990 руб
TSS Diesel TDY 165 6LT,873 200 руб
Дизельный генератор ТСС АД-100С-Т400-1РКМ5 в шумозащитном кожухе,875 560 руб
EP 18 DE,879 990 руб
EP 20 TDE,879 990 руб
EPS 14 TDE,879 990 руб
EPS 243 TDE ,879 990 руб
Дизельный генератор ТСС АД-120С-Т400-1РМ5,881 460 руб
Дизельная электростанция Kipor KDE100E3,881 767 руб
Дизельный генератор ТСС АД-130С-Т400-1РМ5,884 410 руб
Дизельный генератор Cummins С22 D5 в кожухе,889 880 руб
TSS Diesel TDK 288 6LTE (G128 ZLD11),893 260 руб
EPS 193 DE с подогревом охлажд. жидк.,895 990 руб
Дизельная электростанция HILTT HD100E3,896 189 руб
Трехфазная дизельная электростанция FG WILSON P55-3 откр.,897 873 руб
"Однофазная дизельная электростанция FG WILSON P16,5-6S откр.",899 954 руб
EPS 243 TDE с подогревом охлажд. жидк.,905 990 руб
Дизельный генератор ТСС АД-150С-Т400-1РКМ11 в шумозащитном кожухе,908 600 руб
Дизельный генератор ТСС АД-150С-Т400-1РКМ11 в шумозащитном кожухе,908 600 руб
SC9D280D2,915 315 руб
Дизельный генератор ТСС АД-60С-Т400-1РМ17,917 700 руб
TSS Diesel TDS 307 6LTE,929 250 руб
КАМАЗ 740.39-380 200кВт,930 000 руб
Дизельный генератор ТСС АД-60С-Т400-1РМ17 (Mecc Alte),938 400 руб
Дизельный генератор Cummins C28D5 в кожухе,943 133 руб
Дизельный генератор CUMMINS C33 D5 в кожухе,943 460 руб
TSS Diesel TDS 280 6LT (SC13G 420 D2),948 130 руб
Дизельный генератор ТСС АД-100С-Т400-1РМ2,953 410 руб
Дизельный генератор ТСС АД-150С-Т400-1РМ5,956 390 руб
Дизельный генератор ТСС АД-150С-Т400-1РМ5,956 390 руб
Трехфазная дизельная электростанция FG WILSON P33-3 кожух,957 079 руб
EPS 400 DXE DC,959 990 руб
TSS Diesel TDS 330 6LTЕ,964 060 руб
John Deere 6068TF258,975 252 руб
SC9D340D2,976 475 руб
Дизельная электростанция Kipor KDE120E3,978 921 руб
DGW 400 DMK,979 990 руб
Дизельный генератор ТСС АД-100С-Т400-1РМ17,993 600 руб
Дизельный двигатель Doosan P086TI для дизель-генераторных электростанций,999 540 руб
Дизельный генератор Cummins C66D5 в открытом исполнении,1 000 370 руб
Контейнер УБК-6,1 003 200 руб
Дизельный генератор ТСС АД-80С-Т400-1РМ6,1 010 850 руб
Дизельный генератор ТСС АД-150С-Т400-1РМ2 Stamford,1 011 900 руб
YC6G245L-D20,1 028 600 руб
TSS Diesel TDY 235 6LT,1 029 550 руб
Контейнер УБК-6 с дополнительным отсеком,1 029 800 руб
Дизельный генератор ТСС АД-160С-Т400-1РМ5,1 030 140 руб
Синхронизация для ДГУ 2х600 кВт,1 032 500 руб
Дизельный генератор ТСС АД-100С-Т400-1РМ17 (Mecc Alte),1 035 000 руб
Трехфазная дизельная электростанция FG WILSON P65-5 откр.,1 036 867 руб
Дизельный генератор ТСС АД-120С-Т400-1РКМ5 в шумозащитном кожухе,1 039 580 руб
EP 34 TDE,1 049 990 руб
EPS 18 DE,1 049 990 руб
EPS 20 TDE,1 049 990 руб
WT12D-308E,1 052 230 руб
EPS 333 TDE,1 069 990 руб
Трехфазная дизельная электростанция FG WILSON P50P3 кожух,1 080 038 руб
Дизельный генератор ТСС АД-200С-Т400-1РМ11,1 090 320 руб
Трехфазная дизельная электростанция FG WILSON P88-3 откр.,1 092 064 руб
SC12E460D2,1 094 625 руб
EPS 333 TDE с подогревом охлажд. жидк.,1 095 990 руб
SC13G420D2,1 116 865 руб
SC15G500D2,1 135 630 руб
Дизельный генератор ТСС АД-150С-Т400-1РКМ5 в шумозащитном кожухе,1 139 880 руб
Дизельная электростанция HILTT HD100E3Cum,1 141 438 руб
Дизельный генератор ТСС АД-100С-Т400-1РМ6,1 142 640 руб
Дизельный генератор ТСС АД-150С-Т400-1РМ2,1 144 270 руб
John Deere 6068HF158,1 160 038 руб
Трехфазная дизельная электростанция FG WILSON P55-3 кожух,1 174 474 руб
Дизельный генератор Cummins C66D5 в кожухе,1 185 370 руб
Дизельный генератор ТСС АД-100С-Т400-1РМ6 (Mecc Alte),1 199 910 руб
YC6M350L-D20,1 212 775 руб
Дизельная электростанция Kipor KDE180E3,1 215 870 руб
Дизельный генератор ТСС АД-200С-Т400-1РМ5,1 217 760 руб
Дизельный двигатель Doosan P126TI для дизель-генераторных электростанций,1 221 480 руб
EPS 34 TDE,1 249 990 руб
Дизельный генератор ТСС АД-200С-Т400-1РМ2 Stamford,1 256 700 руб
DGW 500 DM,1 259 990 руб
EP 30 DE,1 259 990 руб
EP 44 TDE,1 259 990 руб
Дизельный двигатель Doosan P126TI-II для дизель-генераторных электростанций,1 266 030 руб
John Deere 6068HF258,1 284 591 руб
Трехфазная дизельная электростанция FG WILSON P65-5 кожух,1 285 099 руб
Трехфазная дизельная электростанция FG WILSON P110-3 откр.,1 299 823 руб
Дизельный генератор ТСС АД-250С-Т400-1РМ11,1 315 700 руб
Дизельный генератор ТСС АД-250С-Т400-1РМ11,1 315 700 руб
Дизельный генератор ТСС АД-250С-Т400-1РМ12,1 315 700 руб
Дизельная электростанция Kipor KDE150E3,1 323 238 руб
Дизельный генератор ТСС АД-200С-Т400-1РМ2,1 333 420 руб
Дизельный генератор ТСС АД-200С-Т400-1РКМ11 в шумозащитном кожухе,1 343 430 руб
Дизельный генератор ТСС АД-200С-Т400-1РКМ11 в шумозащитном кожухе,1 343 430 руб
Трехфазная дизельная электростанция FG WILSON P88-3 кожух,1 367 277 руб
Дизельный генератор ТСС АД-160С-Т400-1РМ17,1 373 100 руб
Дизельный генератор ТСС АД-160С-Т400-1РКМ5 в шумозащитном кожухе,1 376 470 руб
YC6MK420L-D20,1 405 985 руб
TSS Diesel TDS 405 12VTE,1 421 310 руб
Дизельный генератор ТСС АД-160С-Т400-1РМ17 (Mecc Alte),1 442 100 руб
EPS 30 DE,1 459 990 руб
EPS 44TDE,1 459 990 руб
Дизельный генератор ТСС АД-300С-Т400-1РМ12,1 467 920 руб
Контейнер Север УБК-12,1 488 200 руб
Дизельный генератор ТСС АД-200С-Т400-1РКМ5 в шумозащитном кожухе,1 489 160 руб
Контейнер УБК-12 с дополнительным отсеком,1 514 800 руб
Дизельный генератор ТСС АД-250С-Т400-1РМ4,1 522 700 руб
Дизельная электростанция Cummins C150D5 в открытом исполнении,1 530 168 руб
Контейнер УБК-9,1 533 100 руб
Дизельная электростанция Kipor KDE150SS3,1 534 717 руб
Дизельный генератор ТСС АД-250С-Т400-1РКМ11 в шумозащитном кожухе,1 545 800 руб
Дизельный генератор ТСС АД-250С-Т400-1РКМ11 в шумозащитном кожухе,1 545 800 руб
Дизельный генератор ТСС АД-250С-Т400-1РМ5,1 557 010 руб
Дизельный генератор ТСС АД-160С-Т400-1РМ6,1 558 710 руб
Контейнер УБК-9 с дополнительным отсеком,1 559 700 руб
Дизельный генератор ТСС АД-260С-Т400-1РМ5,1 566 450 руб
Дизельная электростанция HILTT HD150Е3Cum,1 566 751 руб
YC6MJ480L-D20,1 584 600 руб
Дизельный генератор ТСС АД-280С-Т400-1РМ5,1 592 410 руб
Трехфазная дизельная электростанция FG WILSON P150-5 откр.,1 593 923 руб
EP 60 TDE,1 611 336 руб
Дизельный генератор ТСС АД-200С-Т400-1РМ17,1 614 600 руб
Трехфазная дизельная электростанция FG WILSON P110-3 кожух,1 621 444 руб
TSS Diesel TDS 459 12VTE,1 621 910 руб
SC25G610D2,1 674 255 руб
Дизельный генератор ТСС АД-200С-Т400-1РМ17 (Mecc Alte),1 676 700 руб
Дизельный генератор ТСС АД-200С-Т400-1РМ17 (Sincro),1 683 600 руб
Дизельный генератор CUMMINS C200 D5E,1 690 759 руб
Дизельный генератор ТСС АД-250С-Т400-1РКМ5 в кожухе,1 725 750 руб
Дизельный генератор ТСС АД-300С-Т400-1РМ5,1 740 500 руб
Дизельная электростанция Kipor KDE225E3,1 749 720 руб
Дизельный генератор ТСС АД-260С-Т400-1РКМ5 в шумозащитном кожухе,1 751 710 руб
Дизельный генератор ТСС АД-200С-Т400-1РМ6,1 768 470 руб
Дизельный генератор ТСС АД-250С-Т400-1РМ17,1 780 200 руб
Дизельный генератор ТСС АД-280С-Т400-1РКМ5 в кожухе,1 780 620 руб
TSS Diesel TDS 505 12VTE,1 786 520 руб
Трехфазная дизельная электростанция FG WILSON P165-5 откр.,1 806 230 руб
Дизельная электростанция Kipor KDE280E3,1 835 062 руб
EP 60 TDE,1 465 567 руб
Дизельный генератор ТСС АД-300С-Т400-1РМ12,1 467 920 руб
Контейнер Север УБК-12,1 488 200 руб
Дизельный генератор ТСС АД-200С-Т400-1РКМ5 в шумозащитном кожухе,1 489 160 руб
SDMO J110K,1 492 213 руб
Контейнер УБК-12 с дополнительным отсеком,1 514 800 руб
Дизельный генератор ТСС АД-250С-Т400-1РМ4,1 522 700 руб
Дизельная электростанция Cummins C150D5 в открытом исполнении,1 530 168 руб
Трехфазная дизельная электростанция FG WILSON P150-5 откр.,1 532 540 руб
Контейнер УБК-9,1 533 100 руб
Дизельная электростанция Kipor KDE150SS3,1 534 717 руб
Дизельный генератор ТСС АД-250С-Т400-1РКМ11 в шумозащитном кожухе,1 545 800 руб
Дизельный генератор ТСС АД-250С-Т400-1РКМ11 в шумозащитном кожухе,1 545 800 руб
Дизельный генератор ТСС АД-250С-Т400-1РМ5,1 557 010 руб
Дизельный генератор ТСС АД-160С-Т400-1РМ6,1 558 710 руб
Трехфазная дизельная электростанция FG WILSON P110-3 кожух,1 559 002 руб
Контейнер УБК-9 с дополнительным отсеком,1 559 700 руб
Дизельный генератор ТСС АД-260С-Т400-1РМ5,1 566 450 руб
Дизельная электростанция HILTT HD150Е3Cum,1 566 751 руб
YC6MJ480L-D20,1 584 600 руб
Дизельный генератор ТСС АД-280С-Т400-1РМ5,1 592 410 руб
Дизельный генератор ТСС АД-200С-Т400-1РМ17,1 614 600 руб
TSS Diesel TDS 459 12VTE,1 621 910 руб
SC25G610D2,1 674 255 руб
Дизельный генератор ТСС АД-200С-Т400-1РМ17 (Mecc Alte),1 676 700 руб
Дизельный генератор ТСС АД-200С-Т400-1РМ17 (Sincro),1 683 600 руб
Дизельный генератор CUMMINS C200 D5E,1 690 759 руб
Дизельный генератор ТСС АД-250С-Т400-1РКМ5 в кожухе,1 725 750 руб
Трехфазная дизельная электростанция FG WILSON P165-5 откр.,1 736 671 руб
Дизельный генератор ТСС АД-300С-Т400-1РМ5,1 740 500 руб
Дизельный двигатель DP158LD для дизель-генераторных электростанций,2 395 980 руб
SDMO J200K,2 426 241 руб
Дизельная электростанция Kipor KDE250E3,2 452 921 руб
Трехфазная дизельная электростанция FG WILSON P220-3 кожух.,2 460 497 руб
Дизельный генератор ТСС АД-400С-Т400-1РМ5,2 478 000 руб
Дизельный двигатель TSS Diesel TDY 368 6LTE для электростанции,2 515 760 руб
EP 130 TDE,2 539 137 руб
Дизельный двигатель SC27G900D2 для электростанции,2 549 955 руб
Дизельный генератор ТСС АД-450С-Т400-1РМ12,2 550 570 руб
Дизельный генератор Cummins C275D5 в открытом исполнении,2 560 000 руб
Дизельный генератор ТСС АД-300С-Т400-1РМ17,2 580 600 руб
Дизельный двигатель TSS Diesel TDY 401 6LTE для электростанции,2 600 130 руб
EPS 85 TDE,2 623 669 руб
Дизельный двигатель Doosan P180FE для дизель-генераторных электростанций,2 634 930 руб
Дизельная электростанция Kipor KDE370E3,2 634 958 руб
Дизельный генератор ТСС АД-320С-Т400-1РМ17,2 642 700 руб
Дизельный генератор ТСС АД-300С-Т400-1РМ17 (Mecc Alte),2 663 400 руб
Дизельная электростанция Kipor KDE250SS3,2 678 673 руб
EPS 100 TDE,2 682 823 руб
Дизельный двигатель TSS Diesel TDY 441 6LTE для электростанции,2 683 910 руб
Дизельный генератор ТСС АД-320С-Т400-1РМ17 (Mecc Alte),2 697 900 руб
Дизельный генератор ТСС АД-500С-Т400-1РМ12,2 738 780 руб
Дизельный генератор ТСС АД-360С-Т400-1РМ17,2 766 900 руб
Дизельная электростанция Kipor KDE415E3,2 783 926 руб
EP 150 TDE,2 792 733 руб
Onis VISA V415,2 825 251 руб
Дизельная электростанция Kipor KDE370SS3,2 835 239 руб
Дизельный генератор ТСС АД 450С-Т400-1РМ5,2 837 900 руб
Дизельный генератор ТСС АД-360С-Т400-1РМ17 (Sincro),2 849 700 руб
Дизельный генератор ТСС АД-360С-Т400-1РМ17 (Mecc Alte),2 918 700 руб
Дизельный двигатель Doosan DP180LA для дизель-генераторных электростанций,2 929 770 руб
Дизельная электростанция Kipor KDE480E3,2 946 347 руб
YC6T550L-D21,2 963 480 руб
Дизельный генератор ТСС АД-500С-Т400-1РМ5,2 973 600 руб
YC6T600L-D22,3 062 865 руб
Дизельная электростанция Kipor KDE415SS3,3 063 977 руб
Дизельный генератор ТСС АД-400С-Т400-1РМ17,3 077 400 руб
Дизельный генератор ТСС АД-550С-Т400-1РМ12,3 099 860 руб
Дизельный двигатель Doosan DP180LB для дизель-генераторных электростанций,3 116 070 руб
Дизельный двигатель Doosan P222FE для дизель-генераторных электростанций,3 116 070 руб
EPS 130 TDE,3 154 094 руб
EP 180 TDE,3 161 465 руб
YC6T660L-D20,3 161 555 руб
Дизельный генератор ТСС АД-400С-Т400-1РМ17 (Mecc Alte),3 180 900 руб
Дизельный генератор ТСС АД-360С-Т400-1РМ6,3 207 810 руб
YC6T700L-D20,3 210 900 руб
Дизельная электростанция Kipor KDE480SS3,3 226 231 руб
Трехфазная дизельная электростанция FG WILSON P250-5 откр.,3 248 671 руб
Трехфазная дизельная электростанция FG WILSON P275-5 откр.,3 248 671 руб
EPS 150 TDE,3 296 754 руб
Дизельный генератор ТСС АД-550С-Т400-1РМ5,3 318 750 руб
TSS Diesel TDS 660 6LTE,3 334 680 руб
Дизельный генератор ТСС АД-400С-Т400-1РМ6,3 393 420 руб
Дизельный генератор Cummins C275D5 в кожухе,3 435 000 руб
Дизельный генератор ТСС АД-600С-Т400-1РМ12,3 523 480 руб
Дизельный генератор ТСС АД-640С-Т400-1РМ12,3 601 360 руб
Трехфазная дизельная электростанция FG WILSON P250-5 кожух ENL2G40S,3 607 835 руб
Трехфазная дизельная электростанция FG WILSON P300-5 откр.,3 644 453 руб
Трехфазная дизельная электростанция FG WILSON P275-5 кожух ENL1G40S,3 649 233 руб
Дизельный двигатель Doosan DP222LB для дизель-генераторных электростанций,3 696 030 руб
Дизельная электростанция Kipor KDE520E3,3 765 563 руб
Дизельный генератор ТСС АД-450С-Т400-1РМ17,3 767 400 руб
Дизельный генератор ТСС АД-440С-Т400-1РМ17 (Mecc Alte),3 795 000 руб
Дизельный генератор ТСС АД-500С-Т400-1РМ17 (P222FE),3 870 900 руб
EP 250 TDE,3 874 670 руб
Дизельная электростанция Kipor KDE550E3,3 875 864 руб
Дизельный генератор ТСС АД-720С-Т400-1РМ12,3 883 970 руб
EPS 180 TDE,3 900 049 руб
EPS 183 DE,3 900 049 руб
TSS Diesel TDS 782 6LTE,3 913 470 руб
Дизельный генератор ТСС АД-520С-Т400-1РМ17,3 919 200 руб
SC33W990D2,3 928 140 руб
Трехфазная дизельная электростанция FG WILSON P330-5 откр.,4 009 400 руб
"Дизельный генератор ТСС АД-500С-Т400-1РМ17 (Mecc Alte, P222FE)",4 022 700 руб
Дизельный генератор ТСС АД-520С-Т400-1РМ17 (Mecc Alte),4 077 900 руб
Трехфазная дизельная электростанция FG WILSON P300-5 кожух ENL2G40S,4 208 293 руб
EPS 200 TDE,4 231 833 руб
Дизельный двигатель Doosan DP222LC для дизель-генераторных электростанций,4 243 590 руб
Onis VISA V570,4 250 720 руб
Дизельная электростанция Kipor KDE550SS3,4 274 838 руб
Дизельная электростанция Kipor KDE430E3,4 276 811 руб
Дизельная электростанция Kipor KDE625E3,4 343 410 руб
Дизельный генератор ТСС АД-800С-Т400-1РМ12,4 386 060 руб
Дизельный генератор ТСС АД-550С-Т400-1РМ17,4 436 700 руб
EPS 250 TDE,4 481 231 руб
Onis VISA P600,4 484 334 руб
SC33W1150D2,4 609 935 руб
Трехфазная дизельная электростанция FG WILSON P400-3 откр.,4 645 782 руб
Дизельный генератор ТСС АД-544С-Т400-1РМ17 (Mecc Alte),4 650 600 руб
Трехфазная дизельная электростанция FG WILSON P450-3 откр.,4 863 023 руб
Дизельный генератор ТСС АД-600С-Т400-1РМ5,4 997 300 руб
Трехфазная дизельная электростанция FG WILSON P330-5 кожух ENL2G40S,5 008 570 руб
Дизельный генератор ТСС АД-600С-Т400-1РМ17,5 161 200 руб
Дизельный генератор ТСС АД-900С-Т400-1РМ12,5 249 820 руб
Дизельный генератор ТСС АД-600С-Т400-1РМ17 (Mecc Alte),5 250 900 руб
EP 315 TDE,5 262 080 руб
Дизельная электростанция Kipor KDE690E3,5 341 511 руб
Трехфазная дизельная электростанция FG WILSON P500-3 откр.,5 543 886 руб
Трехфазная дизельная электростанция FG WILSON P550-3 откр.,5 673 013 руб
Дизельный генератор ТСС АД-640С-Т400-1РМ5,5 776 100 руб
EPS 315 TDE,5 798 850 руб
Трехфазная дизельная электростанция FG WILSON P400-3 кожух,5 819 793 руб
Дизельный генератор ТСС АД-720С-Т400-1РМ5,6 035 700 руб
Трехфазная дизельная электростанция FG WILSON P450-3 кожух,6 087 374 руб
Дизельная электростанция Kipor KDE580E3,6 172 515 руб
EP 410 TDE,6 444 970 руб
Трехфазная дизельная электростанция FG WILSON P500-3 кожух,6 532 880 руб
EPS 410 TDE,6 937 328 руб
Трехфазная дизельная электростанция SDMO V 715 C2,7 745 422 руб
Трехфазная дизельная электростанция FG WILSON P605-3 откр.,7 827 076 руб
Трехфазная дизельная электростанция FG WILSON P550-3 кожух,8 160 184 руб
EP 500 TDE,8 312 609 руб
Трехфазная дизельная электростанция FG WILSON P660-3 откр. ,8 578 245 руб
EPS 500 TDE,8 889 032 руб
EP 600 TDE,9 145 707 руб
EPS 600 TDE,9 681 451 руб
Трехфазная дизельная электростанция FG WILSON P605-3 кожух,9 718 568 руб
Трехфазная дизельная электростанция FG WILSON P715-3 откр.,9 889 863 руб
Трехфазная дизельная электростанция FG WILSON P660-3 кожух,10 469 661 руб
Трехфазная дизельная электростанция FG WILSON P730P1/P800E1 откр.,11 216 514 руб
Трехфазная дизельная электростанция FG WILSON P800P1/P900E1 откр.,11 289 364 руб
Трехфазная дизельная электростанция FG WILSON P715-3 кожух,11 892 597 руб
Трехфазная дизельная электростанция FG WILSON P730P1/P800E1 кожух,13 483 745 руб
Трехфазная дизельная электростанция FG WILSON P910P1/P1000E откр.,14 076 263 руб
Трехфазная дизельная электростанция FG WILSON P910P1/P1000E1,14 076 263 руб
Трехфазная дизельная электростанция FG WILSON P910P1/P1000E1 откр.,14 076 263 руб
Трехфазная дизельная электростанция FG WILSON P800P1/P900E1 кожух,14 172 009 руб
Трехфазная дизельная электростанция FG WILSON P1000P1/P1100E1 откр.,14 759 285 руб
Трехфазная дизельная электростанция FG WILSON P1125P1/P1250E1 откр.,18 765 755 руб
Трехфазная дизельная электростанция FG WILSON P1250P3/P1375E3 откр.,20 518 485 руб
Трехфазная дизельная электростанция FG WILSON P1500E1  откр.,20 764 172 руб
Трехфазная дизельная электростанция FG WILSON P1350 P1 откр.,22 728 361 руб
Трехфазная дизельная электростанция FG WILSON P1500P3/P1650E3 откр.,23 244 328 руб
Трехфазная дизельная электростанция FG WILSON P1700P1/P1875E1 откр.,25 318 139 руб
Трехфазная дизельная электростанция FG WILSON P1750/P1925E откр.,32 402 216 руб
Трехфазная дизельная электростанция FG WILSON P2000 откр.,32 981 166 руб
Трехфазная дизельная электростанция FG WILSON P2000-1/P2000-1E откр.,33 030 273 руб
Трехфазная дизельная электростанция FG WILSON P2250E откр.,33 102 584 руб
Трехфазная дизельная электростанция FG WILSON P2250-1E откр.,33 145 754 руб
Трехфазная дизельная электростанция FG WILSON P2500-1/P2500-1E откр.,36 333 832 руб
