Мотопомпа Huter MP-25,5 920 руб
Мотопомпа Huter MP-40,8 330 руб
Мотопомпа Huter MP-50,8 750 руб
Мотопомпа HYUNDAI HY25-2,9 390 руб
Мотопомпа TALON FP 200 AMO,9 500 руб
Мотопомпа бензиновая Unipump HC-WP20CX,9 993 руб
Мотопомпа бензиновая Unipump HC-WP30CX,10 601 руб
Мотопомпа Daishin SCR-252M2,11 000 руб
Мотопомпа Briggs&Stratton WP2-35,12 650 руб
Бензиновая помпа FUBAG PG 600,13 510 руб
Бензиновая помпа FUBAG PG 1000,15 120 руб
Мотопомпа Huter MPD-80,15 940 руб
Мотопомпа Briggs & Stratton WP2-60 ,18 210 руб
Мотопомпа Koshin SEV-50X,20 500 руб
Мотопомпа HYUNDAI HY50,20 790 руб
Мотопомпа SDMO Clear1.7,20 993 руб
Мотопомпа Robin-Subaru PTG110,21 460 руб
Бензиновая помпа FUBAG PG 950T,22 000 руб
Бензиновая мотопомпа Kipor KGP20,22 433 руб
Мотопомпа Koshin SEV-80X,22 500 руб
Мотопомпа Honda WX10T E1,22 800 руб
Мотопомпа HYUNDAI HY80,22 990 руб
Бензиновая помпа FUBAG PG 80H,24 090 руб
Бензиновая мотопомпа Kipor KGP30,24 823 руб
Мотопомпа HYUNDAI HYH50,27 190 руб
Мотопомпа Koshin STV-50X,27 500 руб
Дизельная мотопомпа Kipor KDP30M,28 188 руб
Дизельная мотопомпа Kipor KDP20X,28 505 руб
Мотопомпа Honda WX15T E,29 800 руб
Мотопомпа Honda WB20XT3 DRX,29 900 руб
Мотопомпа HYUNDAI HY100,29 990 руб
Бензиновая помпа FUBAG PG 1600,30 160 руб
Мотопомпа Robin-Subaru PTG208,30 230 руб
Мотопомпа Koshin STV-80X,30 500 руб
Дизельная мотопомпа Kipor KDP30X,32 289 руб
Бензиновая мотопомпа Kipor KGP15H,32 841 руб
Бензиновая помпа FUBAG PTH 600,33 070 руб
Дизельная мотопомпа Kipor KDP20E,33 437 руб
Мотопомпа Robin-Subaru PTG307,33 682 руб
Дизельная мотопомпа Kipor KDP20EX,34 937 руб
Бензиновая помпа FUBAG PTH 1000,35 490 руб
Мотопомпа Koshin SТH-50X,35 500 руб
Мотопомпа HYUNDAI HYT80,35 590 руб
Бензиновая помпа FUBAG PTH 400 H,35 650 руб
Дизельная мотопомпа Kipor KDP30E,37 233 руб
Мотопомпа Koshin SТH-80X,37 500 руб
Дизельная мотопомпа Kipor KDP30EX,38 393 руб
Дизельная мотопомпа Kipor KDP20,38 699 руб
Мотопомпа Honda WB30XT3 DRX,39 800 руб
Мотопомпа SDMO ST 2.36H,39 840 руб
Бензиновая помпа FUBAG PTH 600 ST,39 860 руб
Бензиновая помпа FUBAG PTH 1000 ST,41 120 руб
Дизельная мотопомпа Kipor KDP15НE,41 674 руб
Бензиновая мотопомпа Kipor KGP40,42 477 руб
Бензиновая мотопомпа Kipor KGP20T,43 633 руб
Дизельная мотопомпа Kipor KDP30,44 481 руб
Мотопомпа Robin-Subaru PTG208H,45 065 руб
Мотопомпа Robin-Subaru PTG208ST,45 065 руб
Дизельная мотопомпа Kipor KDP40EX,47 602 руб
Мотопомпа SDMO ST 3.60H,47 678 руб
Мотопомпа SDMO TR 2.36H,48 144 руб
Бензиновая помпа FUBAG PG 1300T,49 060 руб
Мотопомпа Honda WH20XK2 DFE1,50 600 руб
Мотопомпа Robin-Subaru PTG307ST,51 037 руб
Дизельная мотопомпа Kipor KDP15Н,51 419 руб
Мотопомпа Koshin SERH-50B,51 990 руб
Мотопомпа Koshin SERH-50B,51 990 руб
Мотопомпа SDMO TR 3.60H,57 848 руб
Дизельная мотопомпа Kipor KDP40,58 589 руб
Бензиновая помпа FUBAG PG 1800T,59 770 руб
Бензиновая мотопомпа Kipor KGP30T,60 747 руб
Бензиновая помпа FUBAG PTH 1600,63 710 руб
Дизельная мотопомпа Kipor KDP20T,63 831 руб
Мотопомпа Koshin КТH-50X,67 990 руб
Дизельная мотопомпа Kipor KDP40E,69 536 руб
Бензиновая мотопомпа Kipor KGP40T,72 465 руб
Дизельная мотопомпа Kipor KDP30T,74 469 руб
Мотопомпа SDMO HP 2.26H,74 922 руб
Мотопомпа Honda WT20XK4 DE,75 800 руб
Мотопомпа Robin-Subaru PTG208T,78 934 руб
Мотопомпа Koshin SEH-100X,82 990 руб
Бензиновая помпа FUBAG PTH 1000 T,83 850 руб
Дизельная мотопомпа Kipor KDP40T,88 731 руб
Мотопомпа Koshin КТH-80X,96 990 руб
Мотопомпа Robin-Subaru PTX401,98 154 руб
Бензиновая помпа FUBAG PTH 1600 T,98 290 руб
Мотопомпа Honda WT30XK4 DE,105 800 руб
Мотопомпа Robin-Subaru PTG208D,112 896 руб
Дизельная мотопомпа Robin-Subaru PTD306,115 602 руб
Мотопомпа Robin-Subaru PTX301T,119 894 руб
Дизельная мотопомпа Yanmar YDP20N,119 990 руб
Дизельная мотопомпа Yanmar YDP20STN,125 990 руб
Дизельная мотопомпа Yanmar YDP30N,129 990 руб
Дизельная мотопомпа Yanmar YDP30STN,129 990 руб
Мотопомпа Robin-Subaru PTG307D,132 863 руб
Дизельная мотопомпа Robin-Subaru PTD206T,139 487 руб
Дизельная мотопомпа Вепрь МП 120 ДЯ,139 954 руб
Мотопомпа Koshin КТH-100X,146 990 руб
Дизельная мотопомпа Robin-Subaru PTD406,147 232 руб
Мотопомпа SDMO XT 3.78H,149 377 руб
Дизельная мотопомпа Вепрь МП 500 ДЯ,150 217 руб
Мотопомпа Honda WT40XK3 DE,159 890 руб
Дизельная мотопомпа Robin-Subaru PTD306T,168 318 руб
Дизельная мотопомпа Yanmar YDP20TN,169 990 руб
Дизельная мотопомпа Вепрь МП 800 ДЯ,172 610 руб
Дизельная мотопомпа Yanmar YDP40N,172 990 руб
Дизельная мотопомпа Yanmar YDP40STN,179 990 руб
Мотопомпа Robin-Subaru PTX401T,194 723 руб
Дизельная мотопомпа Вепрь МП 1000 ДЯ,198 268 руб
Дизельная мотопомпа Yanmar YDP30TN,204 990 руб
Дизельная мотопомпа Yanmar YDP40STN-E,210 990 руб
Мотопомпа SDMO Trash4,238 855 руб
Дизельная мотопомпа Robin-Subaru PTD405T,259 661 руб
Дизельная мотопомпа Yanmar YDP40TN,259 990 руб
Мотопомпа Daishin SCR-50HX,28 990 руб
Мотопомпа Daishin SCR-80HX,30 990 руб
Мотопомпа Daishin SST-50HX,33 990 руб
Мотопомпа Daishin SST-80HX,35 990 руб
Мотопомпа Daishin SCH-5050HX,38 500 руб
Мотопомпа Daishin SWT-50HX,62 990 руб
Мотопомпа Daishin SCR-100HX,79 990 руб
Мотопомпа Daishin SWT-80HX,92 990 руб
Мотопомпа Daishin SWT-100HX,140 990 руб
Бензиновая мотопомпа Zongshen XG 10,8 990 руб
Мотопомпа TSS-PGS50,11 172 руб
Бензиновая мотопомпа Zongshen WG 20,12 500 руб
Мотопомпа SCWP80,12 569 руб
Мотопомпа TSS-PGS80,12 569 руб
Бензиновая мотопомпа Zongshen WG 30,13 990 руб
Мотопомпа TSS-PGHP50,15 827 руб
Бензиновая мотопомпа Zongshen HG 15,16 990 руб
Бензиновая мотопомпа Zongshen TG 30,17 990 руб
Мотопомпа SCWT80,19 485 руб
Мотопомпа TSS-PGT80,19 485 руб
Бензиновая мотопомпа Zongshen WG 40,19 990 руб
Бензиновая мотопомпа Zongshen MG 20,20 990 руб
Мотопомпа TSS-PGS100,24 140 руб
Бензиновая мотопомпа Zongshen HG 30,29 990 руб
Мотопомпа TSS-PGT100,30 923 руб
Мотопомпа TSS-PGST80,45 353 руб
Мотопомпа TSS-PGST100,49 343 руб
