Лодка надувная Sea-Pro 200C,7 800 руб
Лодка надувная Sea-Pro 230C,10 800 руб
Лодка надувная Sea-Pro 230K,12 100 руб
Лодка надувная Sea-Pro 260C,12 900 руб
Лодка надувная Sea-Pro 280C,13 800 руб
Лодка надувная Sea-Pro 260K,14 200 руб
Лодка надувная Sea-Pro 300C,15 300 руб
Лодка надувная Sea-Pro 280K,15 400 руб
Лодка надувная Sea-Pro 300K,16 300 руб
Лодочный мотор SEA-PRO T 2.5S,17 700 руб
Лодка надувная Sea-Pro L280P,22 300 руб
Лодка надувная Sea-Pro L300P,24 800 руб
Лодка надувная Sea-Pro L330P,27 100 руб
Лодка надувная Sea-Pro N330P,28 200 руб
Лодочный мотор SEA-PRO T 3S,29 200 руб
Лодка надувная Sea-Pro N330AL,29 500 руб
Лодочный мотор SEA-PRO F 2.5S,35 800 руб
Лодка надувная Sea-Pro N360P,36 900 руб
Лодка надувная Sea-Pro N360AL,38 900 руб
Лодка надувная Sea-Pro N380P,38 900 руб
Лодка надувная Sea-Pro N380AL,41 300 руб
Лодочный мотор SEA-PRO T 5S,43 400 руб
Лодочный мотор SEA-PRO F 5S,51 800 руб
Лодочный мотор SEA-PRO F 6S,53 700 руб
Лодочный мотор SEA-PRO T 8S,65 300 руб
Надувная лодка Honda Honwave T20 SE2,67 800 руб
Лодочный мотор SEA-PRO T 9.9S,71 800 руб
Лодочный мотор SEA-PRO OTH 9.9S,72 400 руб
"Лодочный мотор Honda BF2,3DK2 SCHU",72 800 руб
Лодочный мотор SEA-PRO T 15S,73 700 руб
Лодочный мотор SEA-PRO F 9.9S,98 000 руб
Надувная лодка Honda Honwave T30 AE2,101 800 руб
Надувная лодка Honda Honwave T32 IE2,106 800 руб
Лодочный мотор SEA-PRO T 25S,109 600 руб
Лодочный мотор SEA-PRO T 30S,113 200 руб
Лодочный мотор SEA-PRO T 25S&E,119 300 руб
Лодочный мотор SEA-PRO T 30S&E,120 600 руб
Лодочный мотор SEA-PRO F 15S,122 200 руб
Лодочный мотор SEA-PRO F 15S&E,125 900 руб
Надувная лодка Honda Honwave T35 AE2,127 800 руб
Надувная лодка Honda Honwave T40 AE2,142 800 руб
Лодочный мотор SEA-PRO T 40S,160 700 руб
Лодочный мотор Honda BF10D4 SHU,167 800 руб
Лодочный мотор SEA-PRO T 40S&E,170 600 руб
Лодочный мотор Honda BF15D3 SHU,182 800 руб
Лодочный мотор Honda BF20D3 SHU,198 800 руб
Лодочный мотор Honda BF20D3 SHSU,213 800 руб
Лодочный мотор Honda BF20D3 SRTU,255 800 руб
Лодочный мотор Honda BF30D4 SHGU,363 800 руб
Лодочный мотор Honda BF30D4 SRTU,378 800 руб
Лодочный мотор Honda BF40D SRTU,458 800 руб
Лодочный мотор Honda BF50D SRTU,489 800 руб
Лодочный мотор Honda BF50D LRTU,489 800 руб
Лодочный мотор Honda BF60AK1 LRTU,538 800 руб
Лодочный мотор Honda BF90DK0 LRTR,645 800 руб
Лодочный мотор Honda BF115D LU,774 800 руб
Лодочный мотор Honda BF150AK2 LU,859 800 руб
Лодочный мотор Honda BF150AK2 XU,859 800 руб
Лодочный мотор Honda BF225AK2 LU,1 139 800 руб
Лодочный мотор Honda BF225AK2 XU,1 150 800 руб
Лодочный мотор Mercury ME 2.5M,32 100 руб
Лодочный мотор Mercury ME 3.3M,37 500 руб
Лодочный мотор Mercury ME 4M,56 200 руб
Лодочный мотор Mercury ME 5M,61 200 руб
Лодочный мотор Mercury ME 5ML,71 200 руб
Лодочный мотор Mercury ME 9.9MH,88 900 руб
Лодочный мотор Mercury ME 15MH,106 000 руб
Лодочный мотор Mercury ME 30M,156 000 руб
Лодочный мотор Mercury ME 30ML,158 000 руб
Лодочный мотор Mercury ME 30E,161 000 руб
Лодочный мотор Mercury ME 30EL,175 000 руб
Лодочный мотор Mercury ME 40EO,239 700 руб
