Контактор (пускатель) для компенсации реактивной мощности Lovato BFK12 10A 230,1 190 руб
Контактор (пускатель) для компенсации реактивной мощности Lovato BFK32 00A 230,2 000 руб
Контактор (пускатель) для компенсации реактивной мощности Lovato BF70K 00 A,4 200 руб
Werkel WL04-Frame-01 Белый,26 руб
Werkel WL04-Frame-01 Слоновая кость,26 руб
Werkel WL05-Frame-01 Белый,35 руб
Werkel WL05-Frame-01 Слоновая кость,35 руб
Werkel WL03-Frame-01 Basic белый,46 руб
Werkel WL03-Frame-01 Basic слоновая кость,46 руб
Werkel WL03-Frame-01 Basic серо-коричневый,46 руб
Werkel WL05-Frame-01-DBL Белый,59 руб
Werkel WL05-Frame-01-DBL Слоновая кость,59 руб
Werkel WL04-Frame-02 Белый,65 руб
Werkel WL04-Frame-02 Слоновая кость,65 руб
Werkel WL04-Frame-01 Серебряный,66 руб
Werkel WL04-Frame-01 Черный,66 руб
Werkel WL02-RJ-CP глянцевый никель,68 руб
Werkel WL12-Frame-01 Шампань,72 руб
Werkel WL12-Frame-01 Серебряный,72 руб
Werkel WL05-Frame-02 Белый,74 руб
Werkel WL05-Frame-02 Слоновая кость,74 руб
Werkel WL02-USB-CP глянцевый никель,77 руб
Werkel WL03-Frame-01-white белый,83 руб
Werkel WL03-Frame-01-ivory Слоновая кость,83 руб
Werkel WL03-Frame-01-white-GD Белый / золото,83 руб
Werkel WL03-Frame-01-ivory-GD Слоновая кость / золото,83 руб
Werkel WL03-Frame-02 Basic белый,94 руб
Werkel WL03-Frame-02 Basic слоновая кость,94 руб
Werkel WL03-Frame-02 Basic серо-коричневый,94 руб
Werkel WL12-SKGS-IP20-CP бронзовый,102 руб
Werkel WL12-SW-1G-LED-CP бронзовый,102 руб
Werkel WL02-SW-3G-CP глянцевый никель,102 руб
Werkel WL01-70-11 белый,102 руб
Werkel WL07-70-11 серо-коричневый,102 руб
Werkel WL03-70-11 слоновая кость,102 руб
Werkel WL04-Frame-03 Белый,105 руб
Werkel WL04-Frame-03 Слоновая кость,105 руб
Werkel WL05-Frame-03 Белый,116 руб
Werkel WL05-Frame-03 Слоновая кость,116 руб
Werkel WL12-SW-3G-CP бронзовый,119 руб
Werkel WL02-Frame-01 Глянцевый никель,125 руб
Werkel WL04-Frame-02 Серебряный,134 руб
Werkel WL04-Frame-02 Черный,134 руб
Werkel WL06-70-11 серебряный,136 руб
Werkel WL08-70-11 черный матовый,136 руб
Werkel WL12-Frame-02 Шампань,143 руб
Werkel WL12-Frame-02 Серебряный,143 руб
Werkel WL03-Frame-01-DBL-white Белый,153 руб
Werkel WL03-Frame-01-DBL-ivory Слоновая кость,153 руб
Werkel WL03-Frame-01-DBL-white-GD Белый / золото,153 руб
Werkel WL03-Frame-01-DBL-ivory-GD Слоновая кость / золото,153 руб
Werkel WL01-SW-1G,156 руб
Werkel WL03-SW-1G-ivory,156 руб
Werkel WL03-Frame-02-white белый,156 руб
Werkel WL03-Frame-02-ivory Слоновая кость,156 руб
Werkel WL03-Frame-02-white-GD Белый / золото,156 руб
Werkel WL03-Frame-02-ivory-GD Слоновая кость / золото,156 руб
Werkel WL01-SKG-01-IP20,162 руб
Werkel WL03-SKG-01-IP20-ivory,162 руб
Werkel WL07-SW-1G,165 руб
Werkel WL03-Frame-03 Basic белый,170 руб
Werkel WL03-Frame-03 Basic слоновая кость,170 руб
Werkel WL03-Frame-03 Basic серо-коричневый,170 руб
Werkel WL01-SW-1G-2W,171 руб
Werkel WL06-SW-1G,171 руб
Werkel WL09-SW-1G,171 руб
Werkel WL07-SKG-01-IP20,171 руб
Werkel WL03-SW-1G-2W-ivory,171 руб
Werkel WL08-SW-1G,171 руб
Werkel WL10-SW-1G,171 руб
Werkel WL07-SW-1G-2W,180 руб
Werkel WL04-Frame-04 Белый,180 руб
Werkel WL04-Frame-04 Слоновая кость,180 руб
Werkel WL01-SW-2G,182 руб
Werkel WL06-SKG-01-IP20,182 руб
Werkel WL09-SKG-01-IP20,182 руб
Werkel WL03-SW-2G-ivory,182 руб
Werkel WL08-SKG-01-IP20,182 руб
Werkel WL10-SKG-01-IP20,182 руб
Werkel WL02-SW-1G,185 руб
Werkel WL06-SW-1G-2W,188 руб
Werkel WL09-SW-1G-2W,188 руб
Werkel WL08-SW-1G-2W,188 руб
Werkel WL10-SW-1G-2W,188 руб
Werkel WL07-SW-2G,191 руб
Werkel WL05-Frame-04 Белый,192 руб
Werkel WL05-Frame-04 Слоновая кость,192 руб
Werkel WL02-Frame-02 Глянцевый никель,194 руб
Werkel WL02-SKG-01-IP20,198 руб
Werkel WL06-SW-2G,198 руб
Werkel WL09-SW-2G,198 руб
Werkel WL08-SW-2G,198 руб
Werkel WL10-SW-2G,198 руб
Werkel WL01-SKGS-01-IP44,200 руб
Werkel WL02-SW-1G-2W,200 руб
Werkel WL03-SKGS-01-IP44-ivory,200 руб
Werkel WL01-04-01 белый,204 руб
Werkel WL01-SW-2G-2W,204 руб
Werkel WL02-SW-2G,204 руб
Werkel WL03-04-01 слоновая кость,204 руб
Werkel WL03-SW-2G-2W-ivory,204 руб
Werkel WL04-Frame-03 Серебряный,209 руб
Werkel WL04-Frame-03 Черный,209 руб
Werkel WL07-SKGS-01-IP44,210 руб
Werkel WL07-SW-2G-2W,212 руб
Рубильник ANDELI HD11/38 1000A,212 руб
Werkel WL06-SW-2G-2W,218 руб
Werkel WL09-SW-2G-2W,218 руб
Werkel WL08-SW-2G-2W,218 руб
Werkel WL10-SW-2G-2W,218 руб
Werkel WL12-Frame-03 Шампань,219 руб
Werkel WL12-Frame-03 Серебряный,219 руб
Werkel WL06-SKGS-01-IP44,222 руб
Werkel WL09-SKGS-01-IP44,222 руб
Werkel WL08-SKGS-01-IP44,222 руб
Werkel WL10-SKGS-01-IP44,222 руб
Werkel WL01-SKGSC-01-IP44,225 руб
Werkel WL01-SW-3G,225 руб
Werkel WL01-TV,225 руб
Werkel WL03-SKGSC-01-IP44-ivory,225 руб
Werkel WL03-SW-3G-ivory,225 руб
Werkel WL03-TV-ivory,225 руб
Werkel WL02-SW-2G-2W,231 руб
Werkel WL03-Frame-03-white белый,233 руб
Werkel WL03-Frame-03-ivory Слоновая кость,233 руб
Werkel WL03-Frame-03-white-GD Белый / золото,233 руб
Werkel WL03-Frame-03-ivory-GD Слоновая кость / золото,233 руб
Werkel WL07-SKGSC-01-IP44,237 руб
Werkel WL07-TV,237 руб
Werkel WL06-04-01 серебряный,238 руб
Werkel WL08-04-01 черный,238 руб
Werkel WL01-RJ-11,243 руб
Werkel WL03-RJ-11-ivory,243 руб
Werkel WL02-SKGS-01-IP44,248 руб
Werkel WL07-RJ-11,251 руб
Werkel WL06-SKGSC-01-IP44,254 руб
Werkel WL06-TV,254 руб
Werkel WL09-SKGSC-01-IP44,254 руб
Werkel WL09-TV,254 руб
Werkel WL08-SKGSC-01-IP44,254 руб
Werkel WL08-TV,254 руб
Werkel WL10-SKGSC-01-IP44,254 руб
Werkel WL10-TV,254 руб
Werkel WL07-SW-3G,255 руб
Werkel WL01-SW-1G-LED,257 руб
Werkel WL06-RJ-11,257 руб
Werkel WL09-RJ-11,257 руб
Werkel WL03-SW-1G-LED-ivory,257 руб
Werkel WL08-RJ-11,257 руб
Werkel WL10-RJ-11,257 руб
Werkel WL07-SW-1G-LED,264 руб
Werkel WL01-SW-1G-C,269 руб
Werkel WL06-SW-1G-LED,269 руб
Werkel WL09-SW-1G-LED,269 руб
Werkel WL03-SW-1G-C-ivory,269 руб
Werkel WL08-SW-1G-LED,269 руб
Werkel WL10-SW-1G-LED,269 руб
Werkel WL07-SW-1G-C,272 руб
Werkel WL04-Frame-05 Белый,276 руб
Werkel WL04-Frame-05 Слоновая кость,276 руб
Werkel WL06-SW-3G,278 руб
Werkel WL08-SW-3G,278 руб
Werkel WL01-SW-1G-2W-LED,279 руб
Werkel WL03-SW-1G-2W-LED,279 руб
Werkel WL01-SKG-02-IP20,284 руб
Werkel WL03-SKG-02-IP20,284 руб
Werkel WL02-SW-1G-LED,288 руб
Werkel WL07-SW-1G-2W-LED,288 руб
Werkel WL05-Frame-05 Белый,290 руб
Werkel WL05-Frame-05 Слоновая кость,290 руб
Werkel WL06-SW-1G-C,293 руб
Werkel WL08-SW-1G-C,293 руб
Werkel WL06-SW-1G-2W-LED,294 руб
Werkel WL09-SW-1G-2W-LED,294 руб
Werkel WL08-SW-1G-2W-LED,294 руб
Werkel WL10-SW-1G-2W-LED,294 руб
Werkel WL02-Frame-03 Глянцевый никель,300 руб
Werkel WL02-SW-1G-C,305 руб
Werkel WL02-SW-1G-2W-LED,309 руб
Werkel WL04-Frame-04 Серебряный,320 руб
Werkel WL04-Frame-04 Черный,320 руб
Контактор ANDELI CJX2-D12 AC 220V,322 руб
Контактор ANDELI CJX2-D09 AC 220V,330 руб
Werkel WL03-Frame-04 Basic белый,340 руб
Werkel WL03-Frame-04 Basic слоновая кость,340 руб
Werkel WL03-Frame-04 Basic серо-коричневый,340 руб
Werkel WL12-Frame-04 Шампань,345 руб
Werkel WL12-Frame-04 Серебряный,345 руб
Werkel WL01-SW-2G-LED,360 руб
Werkel WL03-SW-2G-LED-ivory,360 руб
Werkel WL07-SW-2G-LED,372 руб
Контактор ANDELI CJX2-D18 AC 220V,374 руб
Werkel WL06-SW-2G-LED,374 руб
Werkel WL09-SW-2G-LED,374 руб
Werkel WL08-SW-2G-LED,374 руб
Werkel WL10-SW-2G-LED,374 руб
Werkel WL07-Frame-01 жемчужный,380 руб
Werkel WL07-Frame-01 бронза,380 руб
Werkel WL01-SW-2G-2W-LED,395 руб
Werkel WL02-SW-2G-LED,395 руб
Werkel WL03-SW-2G-2W-LED,395 руб
Werkel WL07-SW-2G-2W-LED,404 руб
Werkel WL01-RJ-45,405 руб
Werkel WL03-RJ-45-ivory,405 руб
Werkel WL03-Frame-04-white белый,405 руб
Werkel WL03-Frame-04-ivory Слоновая кость,405 руб
Werkel WL03-Frame-04-white-GD Белый / золото,405 руб
Werkel WL03-Frame-04-ivory-GD Слоновая кость / золото,405 руб
Werkel WL06-SW-2G-2W-LED,410 руб
Werkel WL09-SW-2G-2W-LED,410 руб
Werkel WL08-SW-2G-2W-LED,410 руб
Werkel WL10-SW-2G-2W-LED,410 руб
Werkel WL07-RJ-45,416 руб
Werkel WL06-RJ-45,426 руб
Werkel WL09-RJ-45,426 руб
Werkel WL08-RJ-45,426 руб
Werkel WL10-RJ-45,426 руб
Werkel WL07-Frame-01 белое золото,430 руб
Werkel WL02-SW-2G-2W-LED,446 руб
Werkel WL01-RJ11-45,458 руб
Werkel WL03-RJ11-45-ivory,458 руб
Werkel WL07-RJ11-45,464 руб
Werkel WL06-RJ11-45,471 руб
Werkel WL09-RJ11-45,471 руб
Werkel WL08-RJ11-45,471 руб
Werkel WL10-RJ11-45,471 руб
Werkel WL04-Frame-05 Серебряный,473 руб
Werkel WL04-Frame-05 Черный,473 руб
Werkel WL02-Frame-04 Глянцевый никель,479 руб
Werkel WL01-Frame-01 Белый,498 руб
Werkel WL01-Frame-01 Натуральное стекло,498 руб
Werkel WL11-Frame-01 Коричневый алюминий,501 руб
Werkel WL11-Frame-01 Алюминий,501 руб
Werkel WL12-Frame-05 Шампань,503 руб
Werkel WL12-Frame-05 Серебряный,503 руб
Werkel WL03-Frame-05 Basic белый,510 руб
Werkel WL03-Frame-05 Basic серо-коричневый,510 руб
Werkel WL08-Frame-01 Черный,513 руб
Werkel WL01-TV-2W,522 руб
Werkel WL03-TV-2W-ivory,522 руб
Werkel WL07-TV-2W,533 руб
Werkel WL06-TV-2W,542 руб
Werkel WL08-TV-2W,542 руб
Werkel WL01-Frame-01 Дымчатый,561 руб
Werkel WL01-Frame-01 Серый,561 руб
Werkel WL01-Frame-01 Мокко,561 руб
Werkel WL01-Frame-01 Черный,561 руб
Werkel WL01-Frame-01 Белый матовый,564 руб
Контактор ANDELI CJX2-D25 AC 220V,575 руб
Werkel WL01-RJ45+RJ45,596 руб
Werkel WL07-RJ45+RJ45,596 руб
Werkel WL03-RJ45+RJ45-ivory,596 руб
Werkel WL06-RJ45+RJ45,611 руб
Werkel WL08-RJ45+RJ45,611 руб
Werkel WL03-Frame-05-white белый,657 руб
Werkel WL03-Frame-05-ivory Слоновая кость,657 руб
Werkel WL03-Frame-05-white-GD Белый / золото,657 руб
Werkel WL03-Frame-05-ivory-GD Слоновая кость / золото,657 руб
Werkel WL03-Frame-05 Basic слоновая кость,657 руб
Werkel WL01-Frame-01 Фисташковый,680 руб
Werkel WL01-Frame-01 Бронзовый,680 руб
Контактор ANDELI CJX2-D32 AC 220V,682 руб
Werkel WL07-Frame-02 жемчужный,761 руб
Werkel WL07-Frame-02 бронза,761 руб
Werkel WL01-AUDIOx4,773 руб
Werkel WL03-AUDIOx4,773 руб
Werkel WL07-AUDIOx4,783 руб
Werkel WL06-AUDIOx4,786 руб
Werkel WL09-AUDIOx4,786 руб
Werkel WL08-AUDIOx4,786 руб
Werkel WL10-AUDIOx4,786 руб
Werkel WL01-60-11 белый,799 руб
Werkel WL03-60-11 слоновая кость,799 руб
Werkel WL02-Frame-05 Глянцевый никель,812 руб
Werkel WL06-60-11 серебряный,833 руб
Werkel WL08-60-11 черный матовый,833 руб
Werkel WL07-Frame-02 белое золото,862 руб
Werkel WL11-Frame-02 Коричневый алюминий,881 руб
Werkel WL11-Frame-02 Алюминий,881 руб
Werkel WL01-Frame-01-DBL Белый,899 руб
Werkel WL08-Frame-02 Черный,911 руб
Werkel WL01-Frame-02 Белый,927 руб
Werkel WL01-Frame-02 Натуральное стекло,927 руб
Werkel WL01-Frame-02 Дымчатый,1 001 руб
Werkel WL01-Frame-02 Серый,1 001 руб
Werkel WL01-Frame-02 Мокко,1 001 руб
Werkel WL01-Frame-02 Черный,1 001 руб
Werkel WL01-Frame-02 Белый матовый,1 051 руб
Werkel WL01-DM600,1 082 руб
Werkel WL03-DM600-ivory,1 082 руб
Werkel WL07-DM600,1 094 руб
Werkel WL06-DM600,1 095 руб
Werkel WL09-DM600,1 095 руб
Werkel WL08-DM600,1 095 руб
Werkel WL10-DM600,1 095 руб
Werkel WL07-Frame-03 жемчужный,1 127 руб
Werkel WL07-Frame-03 бронза,1 127 руб
Контактор ANDELI CJX2-D40 AC 220V,1 177 руб
Werkel WL01-SKGS-USBx2-IP20,1 181 руб
Werkel WL07-SKGS-USBx2-IP20,1 181 руб
Werkel WL03-SKGS-USBx2-IP20,1 181 руб
Werkel WL08-SKGS-USBx2-IP20,1 184 руб
Werkel WL06-SKGS-USBx2-IP20,1 196 руб
Werkel WL01-Frame-02 Фисташковый,1 216 руб
Werkel WL01-Frame-02 Бронзовый,1 216 руб
Контактор ANDELI CJX2-D50 AC 220V,1 232 руб
Werkel WL07-Frame-03 белое золото,1 277 руб
Контактор ANDELI CJX2-D65 AC 220V,1 380 руб
Werkel WL01-Frame-03 Белый,1 398 руб
Werkel WL01-Frame-03 Натуральное стекло,1 398 руб
Werkel WL11-Frame-03 Коричневый алюминий,1 415 руб
Werkel WL11-Frame-03 Алюминий,1 415 руб
Werkel WL08-Frame-03 Черный,1 440 руб
Werkel WL01-Frame-03 Дымчатый,1 467 руб
Werkel WL01-Frame-03 Серый,1 467 руб
Werkel WL01-Frame-03 Мокко,1 467 руб
Werkel WL01-Frame-03 Черный,1 467 руб
Werkel WL07-Frame-04 жемчужный,1 493 руб
Werkel WL07-Frame-04 бронза,1 493 руб
Werkel WL01-Frame-03 Белый матовый,1 584 руб
Werkel WL07-Frame-04 белое золото,1 692 руб
Werkel WL11-Frame-04 Коричневый алюминий,1 709 руб
Werkel WL11-Frame-04 Алюминий,1 709 руб
Werkel WL01-Frame-04 Белый,1 709 руб
Werkel WL01-Frame-04 Натуральное стекло,1 709 руб
Werkel WL01-Frame-04 Дымчатый,1 760 руб
Werkel WL01-Frame-04 Серый,1 760 руб
Werkel WL01-Frame-04 Мокко,1 760 руб
Werkel WL01-Frame-04 Черный,1 760 руб
Werkel WL08-Frame-04 Черный,1 763 руб
Рубильник Deluxe HD11B-400/38,1 784 руб
Werkel WL01-Frame-03 Фисташковый,1 785 руб
Werkel WL01-Frame-03 Бронзовый,1 785 руб
Контактор ANDELI CJX2-D80 AC 220V,1 848 руб
Контактор ANDELI CJX2-D95 AC 220V,1 854 руб
Werkel WL01-Frame-04 Белый матовый,1 936 руб
Werkel WL11-Frame-05 Коричневый алюминий,2 070 руб
Werkel WL11-Frame-05 Алюминий,2 070 руб
Werkel WL01-Frame-04 Фисташковый,2 134 руб
Werkel WL01-Frame-04 Бронзовый,2 134 руб
Werkel WL08-Frame-05 Черный,2 157 руб
Werkel WL01-Frame-05 Белый,2 157 руб
Werkel WL01-Frame-05 Натуральное стекло,2 157 руб
Werkel WL01-Frame-05 Дымчатый,2 243 руб
Werkel WL01-Frame-05 Серый,2 243 руб
Werkel WL01-Frame-05 Мокко,2 243 руб
Werkel WL01-Frame-05 Черный,2 243 руб
Werkel WL07-Frame-05 жемчужный,2 330 руб
Werkel WL07-Frame-05 бронза,2 330 руб
Werkel WL01-Frame-05 Белый матовый,2 445 руб
Werkel WL07-Frame-05 белое золото,2 640 руб
Werkel WL01-Frame-05 Фисташковый,2 720 руб
Werkel WL01-Frame-05 Бронзовый,2 720 руб
Контактор ANDELI CJ20-100 AC 220V,3 535 руб
Рубильник Deluxe HD11B-600/38,4 911 руб
Контактор ANDELI CJ20-160 AC 220V,5 043 руб
Контактор ANDELI CJX2-F 115A AC 220V,5 568 руб
Контактор ANDELI CJX2-F 185A AC 220V,8 025 руб
Рубильник Deluxe HD11B-1000/38,9 541 руб
Контактор ANDELI CJ20-250 AC 220V,11 162 руб
Контактор ANDELI CJX2-F 265A AC 220V,11 480 руб
Рубильник Deluxe HD14-1000/31,12 428 руб
Контактор ANDELI CJX2-F 400A AC 220V,16 745 руб
Рубильник Deluxe HD11B-1500/38,19 201 руб
Рубильник Deluxe HD14-1500/31,20 850 руб
Рубильник Deluxe HD11B-2000/38,25 033 руб
Контактор ANDELI CJX2-F 630A AC 220V,30 350 руб
