Снегоуборщик Stiga ST 1131 E,4 490 руб
Снегоуборщик Huter SGC 1000E,5 820 руб
Снегоуборщик Huter SGC 2000E,8 820 руб
Снегоочиститель AL-KO SnowLine 46 E,11 290 руб
Электрическая газонокосилка HONDA HRE 330A2 PLE,13 800 руб
Мотокультиватор Huter GMC-1.8,13 910 руб
Триммер электрический STIHL FSE 81,14 133 руб
Электрическая газонокосилка HONDA HRE 370A2 PLE,18 800 руб
Снегоуборщик Huter SGC 3000,22 630 руб
Мотокультиватор Huter GMC-5.5,24 600 руб
Мотокультиватор Huter GMC-6.5,24 860 руб
Снегоочиститель AL-KO SnowLine 55 E,28 990 руб
Снегоуборщик бензиновый самоходный Huter SGC 4100,29 150 руб
Мотокультиватор Huter GMC-7.0,31 990 руб
Триммер бензиновый Honda UMK 435 T UEDT/UERT,33 800 руб
Снегоуборщик Stiga ST 3256 P,34 990 руб
Бензиновая газонокосилка Honda HRG416CPKEH,35 900 руб
Бензиновая газонокосилка Honda HRG466CPKEH,38 900 руб
Мотокультиватор Huter GMC-7.5,38 950 руб
Мотокультиватор Honda FG201K1 DE,39 800 руб
Снегоуборщик Stiga ST 3262 P,39 990 руб
Бензиновая газонокосилка Honda HRG416SKEH,41 900 руб
Бензиновая газонокосилка Honda HRX 426C PDEA,44 800 руб
Бензиновая газонокосилка Honda HRG 466C SKEH,44 900 руб
Снегоуборщик бензиновый самоходный Huter SGC 6000,45 040 руб
Мотокультиватор Honda FG205K1 DE,45 800 руб
"Снегоуборщик Stiga ST 3262 PB, замена модели Snow Fox",46 990 руб
Мотокультиватор Huter GMC-9.0,51 290 руб
Бензиновая газонокосилка Honda HRX 426C SDEA,51 800 руб
Снегоуборщик бензиновый самоходный Huter SGC 8100,60 940 руб
Мотокультиватор Honda F220K1 DE,64 800 руб
Снегоочиститель AL-KO SnowLine 700 E,74 990 руб
Бензиновая газонокосилка Honda HRX 537C5 VKE,79 800 руб
Мотокультиватор Honda FJ 500,81 800 руб
Снегоуборщик бензиновый самоходный Huter SGC 8100C,85 370 руб
Бензиновая газонокосилка Honda HRX 537C2 HYEA,91 800 руб
Мотокультиватор Honda FF300K1 DE,138 900 руб
Снегоуборщик HONDA HSS655 EW,139 800 руб
Снегоуборщик HONDA HSS655 ET,169 800 руб
Бензиновая газонокосилка с сиденьем Honda HF1211K2 HE,252 800 руб
Снегоуборщик HONDA HSS760A ETD,299 800 руб
Бензиновая газонокосилка с сиденьем Honda HF2315K3 HME,329 800 руб
Снегоуборщик HONDA HSS970A ETD,349 800 руб
Снегоуборщик HONDA HSM 1380-i-E,634 800 руб
Снегоуборщик HONDA HSM1390IK ZE,764 800 руб
Снегоуборщик Stiga ST 1145 E,8 390 руб
Снегоуборщик Stiga ST 3146 P,18 991 руб
Мотокультиватор  ТАРПАН (с двигателем Briggs&Stratton Quantum I/C),25 990 руб
Мотоблок АГАТ (с двигателем  Zongshen GB 200),29 990 руб
Мотоблок АГАТ (с двигателем  Briggs&Stratton RS950),34 990 руб
Мотоблок АГАТ (с двигателем  Honda GP200),37 500 руб
"Мотоблок АГАТ (с двигателем  Vanguard 6,5)",40 990 руб
Мотоблок АГАТ (с двигателем  Honda GX200),42 990 руб
"Мотоблок ""Салют-100 БС-6,5""  (с двигателем Briggs&Stratton Intek I/C)",47 500 руб
"Мотоблок ""Салют-100 Х-М1"" (с двигателем  Honda GX200)",48 500 руб
"Мотоблок ""Салют-100 БС-В"" (с двигателем Briggs&Stratton Vanguard)",50 990 руб
Снегоуборщик Husqvarna  ST131,56 990 руб
Снегоуборщик Husqvarna  ST151,66 990 руб
"Снегоуборочная машина ""Cub Cadet"" 524 SWE  ",95 890 руб
"Снегоуборочная машина ""Cub Cadet"" XS2 61 SWE NEW",99 990 руб
Снегоуборщик Husqvarna  ST224,109 990 руб
Снегоуборщик Husqvarna  ST227P,133 990 руб
"Снегоуборочная машина ""Cub Cadet"" XS3 66 SWE NEW",141 990 руб
Снегоуборщик Husqvarna ST230P,144 990 руб
"        Снегоуборочная машина ""Cub Cadet"" XS3 71 SWE NEW",153 990 руб
"        Снегоуборочная машина ""Cub Cadet"" XS3 76 SWE NEW",164 990 руб
"Снегоуборочная машина ""Cub Cadet"" XS3 76 TDE NEW",194 990 руб
