Бустерная станция VMtec Booster1 VMEH3/4- SE0.75,87 010 руб
Бустерная станция VMtec Booster1 VMEH5/4- SE1.1,89 310 руб
Бустерная станция VMtec Booster1 VMEH3/6- SE1.1,90 120 руб
Бустерная станция VMtec Booster1 VMEH5/5- SE1.3,92 190 руб
Бустерная станция VMtec Booster1 VMEH9/3- SE1.4,95 030 руб
Бустерная станция VMtec Booster1 VMEH5/6- SE1.5,97 320 руб
Бустерная станция VMtec Booster1 VMEH9/4- SE1.8,98 344 руб
Бустерная станция VMtec Booster1 VMEH5/7- SE1.8,99 630 руб
Станция поддержания давления Pedrollo COMBIPRESS CB2-4CPm 100-C,107 400 руб
Станция поддержания давления Pedrollo COMBIPRESS CB2-2CPm 25/130N,111 600 руб
Станция поддержания давления Pedrollo COMBIPRESS CB2-2CP 25/130N,125 025 руб
Фекальный насос ESPA Drainex 402,"€1,341"
Фекальный насос ESPA Drainex 401,"€1,355"
Фекальный насос ESPA Drainex 400,"€1,357"
Фекальный насос ESPA Drainex 502,"€1,437"
Фекальный насос ESPA Drainex 500,"€1,445"
Фекальный насос ESPA Drainex 501,"€1,449"
Станция поддержания давления Pedrollo COMBIPRESS CB2-2CPm 25/14B,136 425 руб
Станция поддержания давления Pedrollo COMBIPRESS CB2-2CPm 25/16C,137 250 руб
Фекальный насос ESPA Drainex 601,"€1,483"
Фекальный насос ESPA Drainex 600,"€1,490"
Станция поддержания давления Pedrollo COMBIPRESS CB2-2CPm 25/16B,143 100 руб
Станция поддержания давления Pedrollo COMBIPRESS CB2-2CP 25/14B,150 225 руб
Станция поддержания давления Pedrollo COMBIPRESS CB2-2CP 25/16C,150 225 руб
Станция поддержания давления Pedrollo COMBIPRESS CB2-2CP 25/16B,154 875 руб
Станция поддержания давления Pedrollo COMBIPRESS CB2-MKm 3/3-N,155 400 руб
Станция поддержания давления Pedrollo COMBIPRESS CB2-2CP 25/16A,157 425 руб
Станция поддержания давления Pedrollo COMBIPRESS CB2-MKm 3/4-N,158 625 руб
Станция поддержания давления Pedrollo COMBIPRESS CB2-MKm 5/4-N,158 625 руб
Станция поддержания давления Pedrollo COMBIPRESS CB2-MKm 3/5-N,160 725 руб
Станция поддержания давления Pedrollo COMBIPRESS CB2-MKm 5/5-N,160 725 руб
Станция поддержания давления Pedrollo COMBIPRESS CB2-MKm 3/6-N,164 100 руб
Станция поддержания давления Pedrollo COMBIPRESS CB2-MKm 5/6-N,164 100 руб
Станция поддержания давления Pedrollo COMBIPRESS CB2-MK 3/3-N,167 850 руб
Станция поддержания давления Pedrollo COMBIPRESS CB2-MK 3/4-N,170 325 руб
Станция поддержания давления Pedrollo COMBIPRESS CB2-MK 5/4-N,170 325 руб
Станция поддержания давления Pedrollo COMBIPRESS CB2-MK 3/5-N,172 500 руб
Станция поддержания давления Pedrollo COMBIPRESS CB2-MK 5/5-N,172 500 руб
Станция поддержания давления Pedrollo COMBIPRESS CB2-MKm 8/4-N,172 500 руб
Станция поддержания давления Pedrollo COMBIPRESS CB2-MK 3/6-N,175 425 руб
Станция поддержания давления Pedrollo COMBIPRESS CB2-MK 5/6-N,175 425 руб
Станция поддержания давления Pedrollo COMBIPRESS CB2-MK 5/7-N,177 900 руб
Станция поддержания давления Pedrollo COMBIPRESS CB2-MK 5/8-N,185 475 руб
Станция поддержания давления Pedrollo COMBIPRESS CB2-MK 8/4-N,185 925 руб
Станция поддержания давления Pedrollo COMBIPRESS CB2-MK 8/5-N,188 850 руб
Станция поддержания давления Pedrollo COMBIPRESS CB2-MK 8/6-N,190 950 руб
Бустерная станция VMtec Booster2 VMEH3/4- SE1.5,217 413 руб
Бустерная станция VMtec Booster2 VMEH5/4- SE1.1,222 134 руб
Бустерная станция VMtec Booster2 VMEH3/6- SE1.1,224 830 руб
Бустерная станция VMtec Booster2 VMEH5/5- SE1.3,230 230 руб
Бустерная станция VMtec Booster2 VMEH9/3- SE1.4,234 515 руб
Бустерная станция VMtec Booster2 VMEH5/6- SE1.5,241 320 руб
Бустерная станция VMtec Booster2 VMEH5/7- SE1.8,247 015 руб
Станция поддержания давления Pedrollo COMBIPRESS CB2-2CP 32/200C,247 575 руб
Станция поддержания давления Pedrollo COMBIPRESS CB2-2CP 32/200B,255 075 руб
Бустерная станция VMtec Booster2 VMEH9/4- SE1.8,258 160 руб
Станция поддержания давления Pedrollo COMBIPRESS CB2-2CP 32/210B,274 425 руб
Станция поддержания давления Pedrollo COMBIPRESS CB2-2CP 32/210A,284 475 руб
Станция поддержания давления Pedrollo COMBIPRESS CB2-2CP 40/180C,333 975 руб
Станция поддержания давления Pedrollo COMBIPRESS CB2-2CP 40/180B,337 800 руб
Станция поддержания давления Pedrollo COMBIPRESS CB2-2CP  40/180A,346 200 руб
Бустерная станция VMtec Booster4 VMEH5/4- SE1.1,456 700 руб
Бустерная станция VMtec Booster4 VMEH3/4- SE1.5,459 415 руб
Бустерная станция VMtec Booster4 VMEH9/3- SE1.4,462 130 руб
Бустерная станция VMtec Booster4 VMEH3/6- SE1.1,462 310 руб
Бустерная станция VMtec Booster4 VMEH5/5- SE1.3,464 300 руб
Бустерная станция VMtec Booster4 VMEH9/4- SE1.8,474 122 руб
Бустерная станция VMtec Booster4 VMEH5/6- SE1.5,479 010 руб
Бустерная станция VMtec Booster4 VMEH5/7- SE1.8,489 560 руб
